,Date,Open,High,Low,Close,Volume,Dividends,Stock Splits,Daily_Return,Close_Smoothed,DailyR,Buy_Date,Sell_Date,Buy_Price,Sell_Price,Price_Diff,Max_Profit_Pct
0,2024-09-05 04:00:00+00:00,220.60329739500975,224.43545304440556,220.4938063657069,221.34982299804688,36615400,0.0,0.0,0.6927738629377345,220.97158813476562,,2025-04-08 04:00:00+00:00,2025-09-04 04:00:00+00:00,171.99899291992188,239.77999877929688,67.781005859375,39.40779228337228
1,2024-09-06 04:00:00+00:00,222.9125635200513,224.1965961864048,218.75193438162452,219.7970733642578,48423000,0.0,0.0,-0.7014912470938661,220.3246053059896,-0.7014912470938661,2025-04-08 04:00:00+00:00,2025-09-04 04:00:00+00:00,171.99899291992188,239.77999877929688,67.781005859375,39.40779228337228
2,2024-09-09 04:00:00+00:00,219.79704777183977,220.244960087071,215.7060869416041,219.8866271972656,67180000,0.0,0.0,0.04074386962349408,220.3445078531901,0.04074386962349408,2025-04-08 04:00:00+00:00,2025-09-04 04:00:00+00:00,171.99899291992188,239.77999877929688,67.781005859375,39.40779228337228
3,2024-09-10 04:00:00+00:00,217.905872677406,220.45401129755567,215.7260152082313,219.09036254882807,51591000,0.0,0.0,-0.36212509081926525,219.59135437011716,-0.36212509081926525,2025-04-08 04:00:00+00:00,2025-09-04 04:00:00+00:00,171.99899291992188,239.77999877929688,67.781005859375,39.40779228337228
4,2024-09-11 04:00:00+00:00,220.4340868524661,222.056525502596,216.88061769002928,221.62852478027344,44587100,0.0,0.0,1.158500174045618,220.2018381754557,1.158500174045618,2025-04-08 04:00:00+00:00,2025-09-04 04:00:00+00:00,171.99899291992188,239.77999877929688,67.781005859375,39.40779228337228
5,2024-09-12 04:00:00+00:00,221.46926837337423,222.5144072842174,218.8016907682,221.73802185058597,37455600,0.0,0.0,0.04940567574551746,220.8189697265625,0.04940567574551746,2025-04-08 04:00:00+00:00,2025-09-04 04:00:00+00:00,171.99899291992188,239.77999877929688,67.781005859375,39.40779228337228
6,2024-09-13 04:00:00+00:00,222.54428285449177,223.00214343080088,220.8820208371711,221.4692840576172,36766600,0.0,0.0,-0.12119608117991953,221.61194356282553,-0.12119608117991953,2025-04-08 04:00:00+00:00,2025-09-04 04:00:00+00:00,171.99899291992188,239.77999877929688,67.781005859375,39.40779228337228
7,2024-09-16 04:00:00+00:00,215.53686848493908,216.213726272445,212.9290105348456,215.31790161132807,59357400,0.0,0.0,-2.7775329985212704,219.5084025065104,-2.7775329985212704,2025-04-08 04:00:00+00:00,2025-09-04 04:00:00+00:00,171.99899291992188,239.77999877929688,67.781005859375,39.40779228337228
8,2024-09-17 04:00:00+00:00,214.75053008791312,215.89519659483264,213.50632075947797,215.78570556640625,45519300,0.0,0.0,0.21726198870477553,217.52429707845053,0.21726198870477553,2025-04-08 04:00:00+00:00,2025-09-04 04:00:00+00:00,171.99899291992188,239.77999877929688,67.781005859375,39.40779228337228
9,2024-09-18 04:00:00+00:00,216.54221012404864,221.67831024616868,216.5322467283196,219.66766357421875,59894900,0.0,0.0,1.7989875638995345,216.92375691731772,1.7989875638995345,2025-04-08 04:00:00+00:00,2025-09-04 04:00:00+00:00,171.99899291992188,239.77999877929688,67.781005859375,39.40779228337228
10,2024-09-19 04:00:00+00:00,223.94775287051627,228.75538000957172,223.58941994126667,227.8097686767578,66781300,0.0,0.0,3.706556062944655,221.08771260579428,3.706556062944655,2025-04-08 04:00:00+00:00,2025-09-04 04:00:00+00:00,171.99899291992188,239.77999877929688,67.781005859375,39.40779228337228
11,2024-09-20 04:00:00+00:00,228.90467282845125,232.01021467188832,226.5655530501552,227.1428680419922,318679900,0.0,0.0,-0.2927445291917685,224.8734334309896,-0.2927445291917685,2025-04-08 04:00:00+00:00,2025-09-04 04:00:00+00:00,171.99899291992188,239.77999877929688,67.781005859375,39.40779228337228
12,2024-09-23 04:00:00+00:00,226.2868480598011,228.38707413181643,224.7639369712135,225.4208831787109,54146000,0.0,0.0,-0.7581065072062687,226.79117329915366,-0.7581065072062687,2025-04-08 04:00:00+00:00,2025-09-04 04:00:00+00:00,171.99899291992188,239.77999877929688,67.781005859375,39.40779228337228
13,2024-09-24 04:00:00+00:00,227.59078065470555,228.28755007923567,224.6843092769655,226.31671142578125,43556100,0.0,0.0,0.39740250966904256,226.29348754882812,0.39740250966904256,2025-04-08 04:00:00+00:00,2025-09-04 04:00:00+00:00,171.99899291992188,239.77999877929688,67.781005859375,39.40779228337228
14,2024-09-25 04:00:00+00:00,223.88801837861104,226.2370864319121,222.98224544035924,225.32135009765625,42308700,0.0,0.0,-0.4398090277356381,225.68631490071616,-0.4398090277356381,2025-04-08 04:00:00+00:00,2025-09-04 04:00:00+00:00,171.99899291992188,239.77999877929688,67.781005859375,39.40779228337228
15,2024-09-26 04:00:00+00:00,226.24703661091277,227.44147457763864,224.3657926365912,226.4660186767578,36636700,0.0,0.0,0.5080160307070036,226.0346934000651,0.5080160307070036,2025-04-08 04:00:00+00:00,2025-09-04 04:00:00+00:00,171.99899291992188,239.77999877929688,67.781005859375,39.40779228337228
16,2024-09-27 04:00:00+00:00,227.40166606122023,228.45675318264773,226.24703611440785,226.73475646972656,34026000,0.0,0.0,0.1186658354039194,226.17404174804688,0.1186658354039194,2025-04-08 04:00:00+00:00,2025-09-04 04:00:00+00:00,171.99899291992188,239.77999877929688,67.781005859375,39.40779228337228
17,2024-09-30 04:00:00+00:00,228.97434440874213,231.92063903808597,228.5861516719536,231.92063903808597,54541900,0.0,0.0,2.2872023015367837,228.3738047281901,2.2872023015367837,2025-04-08 04:00:00+00:00,2025-09-04 04:00:00+00:00,171.99899291992188,239.77999877929688,67.781005859375,39.40779228337228
18,2024-10-01 04:00:00+00:00,228.45675818805825,228.5861456381701,222.70353511874544,225.1620941162109,63285000,0.0,0.0,-2.914162771328499,227.9391632080078,-2.914162771328499,2025-04-08 04:00:00+00:00,2025-09-04 04:00:00+00:00,171.99899291992188,239.77999877929688,67.781005859375,39.40779228337228
19,2024-10-02 04:00:00+00:00,224.84358511910924,226.31672490502265,221.98688498556476,225.72946166992188,32880600,0.0,0.0,0.25198182488839205,227.60406494140625,0.25198182488839205,2025-04-08 04:00:00+00:00,2025-09-04 04:00:00+00:00,171.99899291992188,239.77999877929688,67.781005859375,39.40779228337228
20,2024-10-03 04:00:00+00:00,224.09704443839323,225.759306386038,222.28548343692836,224.6245880126953,34044200,0.0,0.0,-0.48946807787199065,225.17204793294272,-0.48946807787199065,2025-04-08 04:00:00+00:00,2025-09-04 04:00:00+00:00,171.99899291992188,239.77999877929688,67.781005859375,39.40779228337228
21,2024-10-04 04:00:00+00:00,226.8442543024003,226.9437971307691,223.09172964492672,225.74935913085935,37245100,0.0,0.0,0.5007337478568852,225.36780293782553,0.5007337478568852,2025-04-08 04:00:00+00:00,2025-09-04 04:00:00+00:00,171.99899291992188,239.77999877929688,67.781005859375,39.40779228337228
22,2024-10-07 04:00:00+00:00,223.4600206171574,224.64451046166124,220.3047072265611,220.6630401611328,39505400,0.0,0.0,-2.2530823517324605,223.67899576822916,-2.2530823517324605,2025-04-08 04:00:00+00:00,2025-09-04 04:00:00+00:00,171.99899291992188,239.77999877929688,67.781005859375,39.40779228337228
23,2024-10-08 04:00:00+00:00,223.26094483680063,224.933155033014,222.2158058701156,224.72413635253903,31855700,0.0,0.0,1.8404061633705115,223.71217854817704,1.8404061633705115,2025-04-08 04:00:00+00:00,2025-09-04 04:00:00+00:00,171.99899291992188,239.77999877929688,67.781005859375,39.40779228337228
24,2024-10-09 04:00:00+00:00,224.1866374402548,228.6857031876272,223.7884964805669,228.47666931152344,33591100,0.0,0.0,1.6698397510348295,224.62128194173178,1.6698397510348295,2025-04-08 04:00:00+00:00,2025-09-04 04:00:00+00:00,171.99899291992188,239.77999877929688,67.781005859375,39.40779228337228
25,2024-10-10 04:00:00+00:00,226.72483093793397,228.43686442668115,226.11765609380728,227.9789886474609,28183500,0.0,0.0,-0.21782559486804853,227.05993143717447,-0.21782559486804853,2025-04-08 04:00:00+00:00,2025-09-04 04:00:00+00:00,171.99899291992188,239.77999877929688,67.781005859375,39.40779228337228
26,2024-10-11 04:00:00+00:00,228.23778864704397,228.3472796881356,226.28686151162023,226.4958953857422,31759200,0.0,0.0,-0.6505394512527296,227.65051778157553,-0.6505394512527296,2025-04-08 04:00:00+00:00,2025-09-04 04:00:00+00:00,171.99899291992188,239.77999877929688,67.781005859375,39.40779228337228
27,2024-10-14 04:00:00+00:00,227.6405539391785,230.65651637799863,227.54102629778745,230.228515625,39882100,0.0,0.0,1.647985820184883,228.23446655273438,1.647985820184883,2025-04-08 04:00:00+00:00,2025-09-04 04:00:00+00:00,171.99899291992188,239.77999877929688,67.781005859375,39.40779228337228
28,2024-10-15 04:00:00+00:00,232.527799450427,236.38983016358188,231.29353829774288,232.7666931152344,64751400,0.0,0.0,1.1024600855128686,229.8303680419922,1.1024600855128686,2025-04-08 04:00:00+00:00,2025-09-04 04:00:00+00:00,171.99899291992188,239.77999877929688,67.781005859375,39.40779228337228
29,2024-10-16 04:00:00+00:00,230.52712470524972,231.0447048824563,228.7752681420796,230.70628356933597,34082200,0.0,0.0,-0.8851822906116524,231.23383076985678,-0.8851822906116524,2025-04-08 04:00:00+00:00,2025-09-04 04:00:00+00:00,171.99899291992188,239.77999877929688,67.781005859375,39.40779228337228
30,2024-10-17 04:00:00+00:00,232.348638945834,232.76670668063704,229.4521309302649,231.07456970214844,32993800,0.0,0.0,0.15963420116460458,231.5158487955729,0.15963420116460458,2025-04-08 04:00:00+00:00,2025-09-04 04:00:00+00:00,171.99899291992188,239.77999877929688,67.781005859375,39.40779228337228
31,2024-10-18 04:00:00+00:00,235.0858880500012,235.0858880500012,232.92594240501305,233.91136169433597,46431500,0.0,0.0,1.2276521799192919,231.8974049886068,1.2276521799192919,2025-04-08 04:00:00+00:00,2025-09-04 04:00:00+00:00,171.99899291992188,239.77999877929688,67.781005859375,39.40779228337228
32,2024-10-21 04:00:00+00:00,233.3639265084296,235.75281781754072,233.3639265084296,235.384521484375,36254500,0.0,0.0,0.6297940293999327,233.45681762695312,0.6297940293999327,2025-04-08 04:00:00+00:00,2025-09-04 04:00:00+00:00,171.99899291992188,239.77999877929688,67.781005859375,39.40779228337228
33,2024-10-22 04:00:00+00:00,232.80651969699693,235.12572795126604,231.52250221800776,234.76739501953125,38846600,0.0,0.0,-0.2621780144896668,234.68775939941406,-0.2621780144896668,2025-04-08 04:00:00+00:00,2025-09-04 04:00:00+00:00,171.99899291992188,239.77999877929688,67.781005859375,39.40779228337228
34,2024-10-23 04:00:00+00:00,232.99563706556216,234.05072423456664,226.7049068825192,229.6910095214844,52287000,0.0,0.0,-2.1623043087497407,233.28097534179688,-2.1623043087497407,2025-04-08 04:00:00+00:00,2025-09-04 04:00:00+00:00,171.99899291992188,239.77999877929688,67.781005859375,39.40779228337228
35,2024-10-24 04:00:00+00:00,228.9146289407981,229.75074924052936,227.35190975750177,229.5019073486328,31109500,0.0,0.0,-0.08232893975499422,231.32010396321616,-0.08232893975499422,2025-04-08 04:00:00+00:00,2025-09-04 04:00:00+00:00,171.99899291992188,239.77999877929688,67.781005859375,39.40779228337228
36,2024-10-25 04:00:00+00:00,228.6757355296476,232.1396101862481,228.50652487676712,230.33799743652344,38802300,0.0,0.0,0.3643063787790446,229.84363810221353,0.3643063787790446,2025-04-08 04:00:00+00:00,2025-09-04 04:00:00+00:00,171.99899291992188,239.77999877929688,67.781005859375,39.40779228337228
37,2024-10-28 04:00:00+00:00,232.23917058038825,233.6426273223557,231.4727332926884,232.31878662109372,36087100,0.0,0.0,0.8599489474662825,230.71956380208334,0.8599489474662825,2025-04-08 04:00:00+00:00,2025-09-04 04:00:00+00:00,171.99899291992188,239.77999877929688,67.781005859375,39.40779228337228
38,2024-10-29 04:00:00+00:00,232.02018805231756,233.24448591818896,231.24380255804743,232.5875396728516,35417200,0.0,0.0,0.11568287509877706,231.74810791015625,0.11568287509877706,2025-04-08 04:00:00+00:00,2025-09-04 04:00:00+00:00,171.99899291992188,239.77999877929688,67.781005859375,39.40779228337228
39,2024-10-30 04:00:00+00:00,231.53242446311825,232.3884410824897,228.48660247896703,229.0340576171875,47070900,0.0,0.0,-1.5278041380300422,231.31346130371094,-1.5278041380300422,2025-04-08 04:00:00+00:00,2025-09-04 04:00:00+00:00,171.99899291992188,239.77999877929688,67.781005859375,39.40779228337228
40,2024-10-31 04:00:00+00:00,228.27758291037028,228.76531846185907,224.32597264925337,224.8634796142578,64370100,0.0,0.0,-1.8209422853174395,228.82835896809897,-1.8209422853174395,2025-04-08 04:00:00+00:00,2025-09-04 04:00:00+00:00,171.99899291992188,239.77999877929688,67.781005859375,39.40779228337228
41,2024-11-01 04:00:00+00:00,219.94634980146597,224.3060641552936,219.2495956140762,221.8773651123047,65276700,0.0,0.0,-1.3279677549576596,225.25830078125,-1.3279677549576596,2025-04-08 04:00:00+00:00,2025-09-04 04:00:00+00:00,171.99899291992188,239.77999877929688,67.781005859375,39.40779228337228
42,2024-11-04 05:00:00+00:00,219.96627293386248,221.75792231303785,218.69220372782075,220.9815368652344,44944500,0.0,0.0,-0.40374927231394686,222.57412719726562,-0.40374927231394686,2025-04-08 04:00:00+00:00,2025-09-04 04:00:00+00:00,171.99899291992188,239.77999877929688,67.781005859375,39.40779228337228
43,2024-11-05 05:00:00+00:00,220.7725208689619,222.91255498009292,220.11557465497725,222.4148712158203,28111300,0.0,0.0,0.6486217676456851,221.75792439778647,0.6486217676456851,2025-04-08 04:00:00+00:00,2025-09-04 04:00:00+00:00,171.99899291992188,239.77999877929688,67.781005859375,39.40779228337228
44,2024-11-06 05:00:00+00:00,221.578756649688,225.02273483375984,220.16533664224423,221.6882476806641,54561100,0.0,0.0,-0.3266973701822051,221.69488525390625,-0.3266973701822051,2025-04-08 04:00:00+00:00,2025-09-04 04:00:00+00:00,171.99899291992188,239.77999877929688,67.781005859375,39.40779228337228
45,2024-11-07 05:00:00+00:00,223.5894200604507,226.8243646333076,223.52970043689453,226.42620849609372,42137700,0.0,0.0,2.137217856606699,223.50977579752603,2.137217856606699,2025-04-08 04:00:00+00:00,2025-09-04 04:00:00+00:00,171.99899291992188,239.77999877929688,67.781005859375,39.40779228337228
46,2024-11-08 05:00:00+00:00,226.366414165256,227.8511489598711,225.60910803907555,226.15716552734372,38328800,0.25,0.0,-0.11882147854568315,224.75720723470053,-0.11882147854568315,2025-04-08 04:00:00+00:00,2025-09-04 04:00:00+00:00,171.99899291992188,239.77999877929688,67.781005859375,39.40779228337228
47,2024-11-11 05:00:00+00:00,224.2040938441064,224.9016146506588,220.7164746065314,223.4368133544922,42005600,0.0,0.0,-1.202859156157321,225.3400624593099,-1.202859156157321,2025-04-08 04:00:00+00:00,2025-09-04 04:00:00+00:00,171.99899291992188,239.77999877929688,67.781005859375,39.40779228337228
48,2024-11-12 05:00:00+00:00,223.75568869738083,224.79200315214243,222.5698957238352,223.4368133544922,40398300,0.0,0.0,0.0,224.34359741210938,0.0,2025-04-08 04:00:00+00:00,2025-09-04 04:00:00+00:00,171.99899291992188,239.77999877929688,67.781005859375,39.40779228337228
49,2024-11-13 05:00:00+00:00,223.2175952714209,225.8482560889112,221.97201694486657,224.32366943359372,48566200,0.0,0.0,0.39691582859020524,223.73243204752603,0.39691582859020524,2025-04-08 04:00:00+00:00,2025-09-04 04:00:00+00:00,171.99899291992188,239.77999877929688,67.781005859375,39.40779228337228
50,2024-11-14 05:00:00+00:00,224.2240421118748,228.06041440281584,224.204108600429,227.4127197265625,44923900,0.0,0.0,1.3770505362936003,225.05773417154947,1.3770505362936003,2025-04-08 04:00:00+00:00,2025-09-04 04:00:00+00:00,171.99899291992188,239.77999877929688,67.781005859375,39.40779228337228
51,2024-11-15 05:00:00+00:00,225.59912786989784,226.1172926822584,223.47667285882864,224.2040863037109,47923700,0.0,0.0,-1.4109296202558963,225.31349182128906,-1.4109296202558963,2025-04-08 04:00:00+00:00,2025-09-04 04:00:00+00:00,171.99899291992188,239.77999877929688,67.781005859375,39.40779228337228
52,2024-11-18 05:00:00+00:00,224.45320372664565,228.92732633570628,224.3734848929754,227.21340942382807,44633700,0.0,0.0,1.3422249209323889,226.27673848470047,1.3422249209323889,2025-04-08 04:00:00+00:00,2025-09-04 04:00:00+00:00,171.99899291992188,239.77999877929688,67.781005859375,39.40779228337228
53,2024-11-19 05:00:00+00:00,226.1770839408332,229.34584301691132,225.8582238051146,227.4724884033203,36211800,0.0,0.0,0.11402451120698931,226.2966613769531,0.11402451120698931,2025-04-08 04:00:00+00:00,2025-09-04 04:00:00+00:00,171.99899291992188,239.77999877929688,67.781005859375,39.40779228337228
54,2024-11-20 05:00:00+00:00,227.25326410482543,229.11664435033197,225.0909420304879,228.18994140625,35169600,0.0,0.0,0.3154020989376116,227.62527974446616,0.3154020989376116,2025-04-08 04:00:00+00:00,2025-09-04 04:00:00+00:00,171.99899291992188,239.77999877929688,67.781005859375,39.40779228337228
55,2024-11-21 05:00:00+00:00,228.07036655131708,229.34583747298603,224.9115819089953,227.71163940429688,42108300,0.0,0.0,-0.20960696120325695,227.7913564046224,-0.20960696120325695,2025-04-08 04:00:00+00:00,2025-09-04 04:00:00+00:00,171.99899291992188,239.77999877929688,67.781005859375,39.40779228337228
56,2024-11-22 05:00:00+00:00,227.2532593649619,229.9038535446,227.2532593649619,229.05685424804688,38168300,0.0,0.0,0.5907536598783958,228.3194783528646,0.5907536598783958,2025-04-08 04:00:00+00:00,2025-09-04 04:00:00+00:00,171.99899291992188,239.77999877929688,67.781005859375,39.40779228337228
57,2024-11-25 05:00:00+00:00,230.64124862727573,232.42491005721112,228.92733167542056,232.04624938964844,90152800,0.0,0.0,1.305088708833968,229.60491434733072,1.305088708833968,2025-04-08 04:00:00+00:00,2025-09-04 04:00:00+00:00,171.99899291992188,239.77999877929688,67.781005859375,39.40779228337228
58,2024-11-26 05:00:00+00:00,232.50462429580293,234.73670603206307,232.50462429580293,234.2285003662109,45986200,0.0,0.0,0.9404379438592292,231.7772013346354,0.9404379438592292,2025-04-08 04:00:00+00:00,2025-09-04 04:00:00+00:00,171.99899291992188,239.77999877929688,67.781005859375,39.40779228337228
59,2024-11-27 05:00:00+00:00,233.640604190904,234.85628986853752,232.9829351774668,234.09896850585935,33498400,0.0,0.0,-0.055301494117510064,233.4579060872396,-0.055301494117510064,2025-04-08 04:00:00+00:00,2025-09-04 04:00:00+00:00,171.99899291992188,239.77999877929688,67.781005859375,39.40779228337228
60,2024-11-29 05:00:00+00:00,233.97938842310504,236.96877632211965,233.14236346053607,236.490478515625,28481400,0.0,0.0,1.0215807549386113,234.93931579589844,1.0215807549386113,2025-04-08 04:00:00+00:00,2025-09-04 04:00:00+00:00,171.99899291992188,239.77999877929688,67.781005859375,39.40779228337228
61,2024-12-02 05:00:00+00:00,236.4306920263062,239.93822952974796,236.3210805290228,238.7424774169922,48137100,0.0,0.0,0.9522577464861515,236.44397481282553,0.9522577464861515,2025-04-08 04:00:00+00:00,2025-09-04 04:00:00+00:00,171.99899291992188,239.77999877929688,67.781005859375,39.40779228337228
62,2024-12-03 05:00:00+00:00,238.96170621081689,241.9012679940841,238.0549215480856,241.79165649414065,38861000,0.0,0.0,1.2771833107112718,239.0082041422526,1.2771833107112718,2025-04-08 04:00:00+00:00,2025-09-04 04:00:00+00:00,171.99899291992188,239.77999877929688,67.781005859375,39.40779228337228
63,2024-12-04 05:00:00+00:00,242.01088645785893,243.2465056559754,240.3966217802532,242.150390625,44383900,0.0,0.0,0.14836497506192092,240.89484151204428,0.14836497506192092,2025-04-08 04:00:00+00:00,2025-09-04 04:00:00+00:00,171.99899291992188,239.77999877929688,67.781005859375,39.40779228337228
64,2024-12-05 05:00:00+00:00,243.12691898237583,243.6749612569442,241.2734979097132,242.1802673339844,40033900,0.0,0.0,0.01233808002840675,242.040771484375,0.01233808002840675,2025-04-08 04:00:00+00:00,2025-09-04 04:00:00+00:00,171.99899291992188,239.77999877929688,67.781005859375,39.40779228337228
65,2024-12-06 05:00:00+00:00,242.0507319698173,243.7646488451358,241.2236661935451,241.98097229003903,36870600,0.0,0.0,-0.08229202409398839,242.10387674967447,-0.08229202409398839,2025-04-08 04:00:00+00:00,2025-09-04 04:00:00+00:00,171.99899291992188,239.77999877929688,67.781005859375,39.40779228337228
66,2024-12-09 05:00:00+00:00,240.97455722335047,246.3654236467989,240.89483838917155,245.8771514892578,44649200,0.0,0.0,1.610118003224148,243.34613037109375,1.610118003224148,2025-04-08 04:00:00+00:00,2025-09-04 04:00:00+00:00,171.99899291992188,239.77999877929688,67.781005859375,39.40779228337228
67,2024-12-10 05:00:00+00:00,246.0166626912396,247.33200068563025,244.4721425450312,246.8935546875,36914800,0.0,0.0,0.41337846647642174,244.91722615559897,0.41337846647642174,2025-04-08 04:00:00+00:00,2025-09-04 04:00:00+00:00,171.99899291992188,239.77999877929688,67.781005859375,39.40779228337228
68,2024-12-11 05:00:00+00:00,247.0828737526952,249.91282389632013,245.38887516358943,245.6180725097656,45205800,0.0,0.0,-0.5166121810465274,246.1295928955078,-0.5166121810465274,2025-04-08 04:00:00+00:00,2025-09-04 04:00:00+00:00,171.99899291992188,239.77999877929688,67.781005859375,39.40779228337228
69,2024-12-12 05:00:00+00:00,246.01666340683192,247.8601253939288,244.81093690846672,247.0828857421875,32777500,0.0,0.0,0.5963784413150819,246.53150431315103,0.5963784413150819,2025-04-08 04:00:00+00:00,2025-09-04 04:00:00+00:00,171.99899291992188,239.77999877929688,67.781005859375,39.40779228337228
70,2024-12-13 05:00:00+00:00,246.9433725816478,248.40815863747187,245.36895982515324,247.2522735595703,33155300,0.0,0.0,0.06855505870995149,246.6510772705078,0.06855505870995149,2025-04-08 04:00:00+00:00,2025-09-04 04:00:00+00:00,171.99899291992188,239.77999877929688,67.781005859375,39.40779228337228
71,2024-12-18 05:00:00+00:00,251.26802371656945,253.3805196542609,246.86366065893745,247.1725616455078,56774100,0.0,0.0,-0.03223910256311413,247.16924031575522,-0.03223910256311413,2025-04-08 04:00:00+00:00,2025-09-04 04:00:00+00:00,171.99899291992188,239.77999877929688,67.781005859375,39.40779228337228
72,2025-01-02 05:00:00+00:00,248.0494437119358,248.21885574509324,240.9646087657824,242.9874267578125,55740700,0.0,0.0,-1.6932036710844867,245.80408732096353,-1.6932036710844867,2025-04-08 04:00:00+00:00,2025-09-04 04:00:00+00:00,171.99899291992188,239.77999877929688,67.781005859375,39.40779228337228
73,2025-01-03 05:00:00+00:00,242.4991607666016,243.3162522656288,241.0343593963996,242.4991607666016,40244100,0.0,0.0,-0.20094290380611168,244.21971638997397,-0.20094290380611168,2025-04-08 04:00:00+00:00,2025-09-04 04:00:00+00:00,171.99899291992188,239.77999877929688,67.781005859375,39.40779228337228
74,2025-01-06 05:00:00+00:00,243.4457849039297,246.45510633108967,242.33971076643533,244.1333465576172,45045600,0.0,0.0,0.6738933800222391,243.2066446940104,0.6738933800222391,2025-04-08 04:00:00+00:00,2025-09-04 04:00:00+00:00,171.99899291992188,239.77999877929688,67.781005859375,39.40779228337228
75,2025-01-07 05:00:00+00:00,242.12049100282684,244.681407317594,240.496267218822,241.3532257080078,40856000,0.0,0.0,-1.1387714496238432,242.6619110107422,-1.1387714496238432,2025-04-08 04:00:00+00:00,2025-09-04 04:00:00+00:00,171.99899291992188,239.77999877929688,67.781005859375,39.40779228337228
76,2025-01-08 05:00:00+00:00,241.06422159829904,242.84789810210984,239.20084146962276,241.84146118164065,37628900,0.0,0.0,0.20229084247811446,242.44267781575522,0.20229084247811446,2025-04-08 04:00:00+00:00,2025-09-04 04:00:00+00:00,171.99899291992188,239.77999877929688,67.781005859375,39.40779228337228
77,2025-01-10 05:00:00+00:00,239.16098682233465,239.3104653375161,232.1757893628752,236.01217651367188,61710900,0.0,0.0,-2.410374399611548,239.7356211344401,-2.410374399611548,2025-04-08 04:00:00+00:00,2025-09-04 04:00:00+00:00,171.99899291992188,239.77999877929688,67.781005859375,39.40779228337228
78,2025-01-13 05:00:00+00:00,232.7039288898965,233.8398957390806,228.90740850459227,233.5708465576172,49630700,0.0,0.0,-1.0344084750700366,237.14149475097656,-1.0344084750700366,2025-04-08 04:00:00+00:00,2025-09-04 04:00:00+00:00,171.99899291992188,239.77999877929688,67.781005859375,39.40779228337228
79,2025-01-14 05:00:00+00:00,233.91960476413303,235.28475371553364,231.6476711610837,232.45480346679688,39435300,0.0,0.0,-0.47781780443434396,234.01260884602866,-0.47781780443434396,2025-04-08 04:00:00+00:00,2025-09-04 04:00:00+00:00,171.99899291992188,239.77999877929688,67.781005859375,39.40779228337228
80,2025-01-15 05:00:00+00:00,233.8099793161749,238.11470496290485,233.60071548412043,237.02854919433597,39832000,0.0,0.0,1.9675849495587538,234.35139973958334,1.9675849495587538,2025-04-08 04:00:00+00:00,2025-09-04 04:00:00+00:00,171.99899291992188,239.77999877929688,67.781005859375,39.40779228337228
81,2025-01-16 05:00:00+00:00,236.51041752509497,237.1680713225123,227.22337827123215,227.4525604248047,71759100,0.0,0.0,-4.040014927349567,232.31197102864584,-4.040014927349567,2025-04-08 04:00:00+00:00,2025-09-04 04:00:00+00:00,171.99899291992188,239.77999877929688,67.781005859375,39.40779228337228
82,2025-01-17 05:00:00+00:00,231.2989028272768,231.4682996512766,227.67177943063624,229.16647338867188,68488300,0.0,0.0,0.7535254651194867,231.21586100260416,0.7535254651194867,2025-04-08 04:00:00+00:00,2025-09-04 04:00:00+00:00,171.99899291992188,239.77999877929688,67.781005859375,39.40779228337228
83,2025-01-21 05:00:00+00:00,223.20762199269612,223.62613445935492,218.6039696546368,221.85243225097656,98070400,0.0,0.0,-3.191584279123816,226.15715535481772,-3.191584279123816,2025-04-08 04:00:00+00:00,2025-09-04 04:00:00+00:00,171.99899291992188,239.77999877929688,67.781005859375,39.40779228337228
84,2025-01-22 05:00:00+00:00,219.0125058897086,223.32719072748344,219.0125058897086,223.0382232666016,64126500,0.0,0.0,0.5344953866827984,224.68570963541666,0.5344953866827984,2025-04-08 04:00:00+00:00,2025-09-04 04:00:00+00:00,171.99899291992188,239.77999877929688,67.781005859375,39.40779228337228
85,2025-01-23 05:00:00+00:00,223.94503224654224,226.2269251350915,221.51366083038823,222.8688507080078,60234800,0.0,0.0,-0.07593880372304129,222.5865020751953,-0.07593880372304129,2025-04-08 04:00:00+00:00,2025-09-04 04:00:00+00:00,171.99899291992188,239.77999877929688,67.781005859375,39.40779228337228
86,2025-01-24 05:00:00+00:00,223.9848686181573,224.831867935065,220.6267944226493,221.991943359375,54697900,0.0,0.0,-0.39346339600490055,222.63300577799478,-0.39346339600490055,2025-04-08 04:00:00+00:00,2025-09-04 04:00:00+00:00,171.99899291992188,239.77999877929688,67.781005859375,39.40779228337228
87,2025-01-27 05:00:00+00:00,223.2275524150376,231.32878288695173,223.18768539696657,229.04689025878903,94863400,0.0,0.0,3.1780193427979553,224.63589477539062,3.1780193427979553,2025-04-08 04:00:00+00:00,2025-09-04 04:00:00+00:00,171.99899291992188,239.77999877929688,67.781005859375,39.40779228337228
88,2025-01-28 05:00:00+00:00,230.03341371427896,239.3403714135585,229.9935466927377,237.4171905517578,75707600,0.0,0.0,3.6544046869667612,229.48534138997397,3.6544046869667612,2025-04-08 04:00:00+00:00,2025-09-04 04:00:00+00:00,171.99899291992188,239.77999877929688,67.781005859375,39.40779228337228
89,2025-01-29 05:00:00+00:00,233.2918357915463,239.01153699982427,233.1822242894862,238.5133056640625,45486100,0.0,0.0,0.461683128234025,234.99246215820312,0.461683128234025,2025-04-08 04:00:00+00:00,2025-09-04 04:00:00+00:00,171.99899291992188,239.77999877929688,67.781005859375,39.40779228337228
90,2025-01-30 05:00:00+00:00,237.825723654139,239.93821947161277,236.37089679279623,236.74954223632807,55658300,0.0,0.0,-0.7394821948502273,237.56001281738278,-0.7394821948502273,2025-04-08 04:00:00+00:00,2025-09-04 04:00:00+00:00,171.99899291992188,239.77999877929688,67.781005859375,39.40779228337228
91,2025-01-31 05:00:00+00:00,246.31561143302469,246.31561143302469,232.61424963136,235.16519165039065,100959800,0.0,0.0,-0.6692095667732656,236.8093465169271,-0.6692095667732656,2025-04-08 04:00:00+00:00,2025-09-04 04:00:00+00:00,171.99899291992188,239.77999877929688,67.781005859375,39.40779228337228
92,2025-02-03 05:00:00+00:00,229.1764524471141,231.00994009075865,224.90161912474943,227.2034454345703,73063300,0.0,0.0,-3.385597230587045,233.03939310709634,-3.385597230587045,2025-04-08 04:00:00+00:00,2025-09-04 04:00:00+00:00,171.99899291992188,239.77999877929688,67.781005859375,39.40779228337228
93,2025-02-04 05:00:00+00:00,226.44613087125,232.3053359547129,225.84824721606736,231.97650146484372,45067300,0.0,0.0,2.1007850568216524,231.44837951660156,2.1007850568216524,2025-04-08 04:00:00+00:00,2025-09-04 04:00:00+00:00,171.99899291992188,239.77999877929688,67.781005859375,39.40779228337228
94,2025-02-05 05:00:00+00:00,227.72160926815613,231.84696405052935,227.46253445166025,231.64767456054688,39620300,0.0,0.0,-0.14175009202244127,230.27587381998697,-0.14175009202244127,2025-04-08 04:00:00+00:00,2025-09-04 04:00:00+00:00,171.99899291992188,239.77999877929688,67.781005859375,39.40779228337228
95,2025-02-06 05:00:00+00:00,230.47183871784503,232.9729696905443,229.61488023403817,232.39501953125,29925300,0.0,0.0,0.32262139998637807,232.00639851888022,0.32262139998637807,2025-04-08 04:00:00+00:00,2025-09-04 04:00:00+00:00,171.99899291992188,239.77999877929688,67.781005859375,39.40779228337228
96,2025-02-07 05:00:00+00:00,231.77720359418532,233.1722451327125,226.4560818290891,226.8247833251953,39707200,0.0,0.0,-2.396882780573384,230.2891591389974,-2.396882780573384,2025-04-08 04:00:00+00:00,2025-09-04 04:00:00+00:00,171.99899291992188,239.77999877929688,67.781005859375,39.40779228337228
97,2025-02-10 05:00:00+00:00,229.0094413336025,230.02693972945136,226.64521806905947,227.0941162109375,33115600,0.25,0.0,0.11874050171847284,228.77130635579428,0.11874050171847284,2025-04-08 04:00:00+00:00,2025-09-04 04:00:00+00:00,171.99899291992188,239.77999877929688,67.781005859375,39.40779228337228
98,2025-02-11 05:00:00+00:00,227.64279618723117,234.6556296697615,227.57297502290857,232.052001953125,53718400,0.0,0.0,2.1831854672898388,228.65696716308594,2.1831854672898388,2025-04-08 04:00:00+00:00,2025-09-04 04:00:00+00:00,171.99899291992188,239.77999877929688,67.781005859375,39.40779228337228
99,2025-02-12 05:00:00+00:00,230.63545743654387,236.38140252594317,230.11672290007743,236.29161071777344,45243300,0.0,0.0,1.8270080537830635,231.8125762939453,1.8270080537830635,2025-04-08 04:00:00+00:00,2025-09-04 04:00:00+00:00,171.99899291992188,239.77999877929688,67.781005859375,39.40779228337228
100,2025-02-13 05:00:00+00:00,236.33153226758247,241.7482663414184,234.99480784534867,240.94024658203125,53614100,0.0,0.0,1.967330050413918,236.4279530843099,1.967330050413918,2025-04-08 04:00:00+00:00,2025-09-04 04:00:00+00:00,171.99899291992188,239.77999877929688,67.781005859375,39.40779228337228
101,2025-02-14 05:00:00+00:00,240.66092045804317,244.9504238462646,240.40156080072012,244.00274658203125,40896200,0.0,0.0,1.271062034444026,240.41153462727866,1.271062034444026,2025-04-08 04:00:00+00:00,2025-09-04 04:00:00+00:00,171.99899291992188,239.77999877929688,67.781005859375,39.40779228337228
102,2025-02-18 05:00:00+00:00,243.55383619329416,244.5813199542748,241.2494791133952,243.87306213378903,48822500,0.0,0.0,-0.053148765765476114,242.93868509928384,-0.053148765765476114,2025-04-08 04:00:00+00:00,2025-09-04 04:00:00+00:00,171.99899291992188,239.77999877929688,67.781005859375,39.40779228337228
103,2025-02-19 05:00:00+00:00,244.0626007630516,245.40929524371265,242.56626341463,244.27207946777344,32204200,0.0,0.0,0.1636168138018812,244.0492960611979,0.1636168138018812,2025-04-08 04:00:00+00:00,2025-09-04 04:00:00+00:00,171.99899291992188,239.77999877929688,67.781005859375,39.40779228337228
104,2025-02-20 05:00:00+00:00,244.34191013103748,246.1774135823035,243.69348816231408,245.229736328125,32316900,0.0,0.0,0.3920451581851392,244.45829264322916,0.3920451581851392,2025-04-08 04:00:00+00:00,2025-09-04 04:00:00+00:00,171.99899291992188,239.77999877929688,67.781005859375,39.40779228337228
105,2025-02-21 05:00:00+00:00,245.34944139409683,248.08275639920348,244.6212281548445,244.95042419433597,53197400,0.0,0.0,-0.11389815035126594,244.81741333007812,-0.11389815035126594,2025-04-08 04:00:00+00:00,2025-09-04 04:00:00+00:00,171.99899291992188,239.77999877929688,67.781005859375,39.40779228337228
106,2025-02-24 05:00:00+00:00,244.3319283268952,248.25234005966587,243.82317911276243,246.49664306640625,51326400,0.0,0.0,0.6312374747485805,245.5589345296224,0.6312374747485805,2025-04-08 04:00:00+00:00,2025-09-04 04:00:00+00:00,171.99899291992188,239.77999877929688,67.781005859375,39.40779228337228
107,2025-02-25 05:00:00+00:00,247.3944454522674,249.38956194785015,244.3119941197594,246.4367828369141,48013300,0.0,0.0,-0.02428439947396166,245.9612833658854,-0.02428439947396166,2025-04-08 04:00:00+00:00,2025-09-04 04:00:00+00:00,171.99899291992188,239.77999877929688,67.781005859375,39.40779228337228
108,2025-02-26 05:00:00+00:00,243.7333937698084,244.3818005030484,238.5460942392985,239.7730865478516,44433600,0.0,0.0,-2.7040185366615344,244.23550415039065,-2.7040185366615344,2025-04-08 04:00:00+00:00,2025-09-04 04:00:00+00:00,171.99899291992188,239.77999877929688,67.781005859375,39.40779228337228
109,2025-02-27 05:00:00+00:00,238.82541422357912,241.86796980219768,236.4811463462344,236.72056579589844,41153600,0.0,0.0,-1.273087315971122,240.97681172688806,-1.273087315971122,2025-04-08 04:00:00+00:00,2025-09-04 04:00:00+00:00,171.99899291992188,239.77999877929688,67.781005859375,39.40779228337228
110,2025-02-28 05:00:00+00:00,236.37142201455796,241.4988707612677,229.63790389196947,241.24948120117188,56833400,0.0,0.0,1.9131905122169668,239.24771118164062,1.9131905122169668,2025-04-08 04:00:00+00:00,2025-09-04 04:00:00+00:00,171.99899291992188,239.77999877929688,67.781005859375,39.40779228337228
111,2025-03-03 05:00:00+00:00,241.19958958341564,243.43412542285543,235.5334663348245,237.4487762451172,47184000,0.0,0.0,-1.5754251313333967,238.47294108072916,-1.5754251313333967,2025-04-08 04:00:00+00:00,2025-09-04 04:00:00+00:00,171.99899291992188,239.77999877929688,67.781005859375,39.40779228337228
112,2025-03-04 05:00:00+00:00,237.1295800554318,239.4838181516717,234.10696453181083,235.3539123535156,53798100,0.0,0.0,-0.8822382345904711,238.01738993326822,-0.8822382345904711,2025-04-08 04:00:00+00:00,2025-09-04 04:00:00+00:00,171.99899291992188,239.77999877929688,67.781005859375,39.40779228337228
113,2025-03-05 05:00:00+00:00,234.8451569942085,235.97240266650644,228.67026910680244,235.1643829345703,47227600,0.0,0.0,-0.08052953828130427,235.98902384440103,-0.08052953828130427,2025-04-08 04:00:00+00:00,2025-09-04 04:00:00+00:00,171.99899291992188,239.77999877929688,67.781005859375,39.40779228337228
114,2025-03-06 05:00:00+00:00,233.86756011302523,237.27920752401755,232.59068676229825,234.75538635253903,45170400,0.0,0.0,-0.17391944176557983,235.09122721354166,-0.17391944176557983,2025-04-08 04:00:00+00:00,2025-09-04 04:00:00+00:00,171.99899291992188,239.77999877929688,67.781005859375,39.40779228337228
115,2025-03-07 05:00:00+00:00,234.53591456798168,240.78062356819368,234.1867631010968,238.4862518310547,46273600,0.0,0.0,1.5892566030041522,236.13534037272134,1.5892566030041522,2025-04-08 04:00:00+00:00,2025-09-04 04:00:00+00:00,171.99899291992188,239.77999877929688,67.781005859375,39.40779228337228
116,2025-03-10 04:00:00+00:00,234.96486230654432,235.583358769024,223.6725108894593,226.92454528808597,72071200,0.0,0.0,-4.84795515640839,233.38872782389322,-4.84795515640839,2025-04-08 04:00:00+00:00,2025-09-04 04:00:00+00:00,171.99899291992188,239.77999877929688,67.781005859375,39.40779228337228
117,2025-03-11 04:00:00+00:00,223.2635152882841,225.2885573705892,216.9190440448537,220.3007659912109,76137400,0.0,0.0,-2.9189347007244293,228.57052103678384,-2.9189347007244293,2025-04-08 04:00:00+00:00,2025-09-04 04:00:00+00:00,171.99899291992188,239.77999877929688,67.781005859375,39.40779228337228
118,2025-03-12 04:00:00+00:00,219.60246770742089,221.20853706339403,214.38524243690583,216.4501800537109,62547500,0.0,0.0,-1.747876781169988,221.22516377766928,-1.747876781169988,2025-04-08 04:00:00+00:00,2025-09-04 04:00:00+00:00,171.99899291992188,239.77999877929688,67.781005859375,39.40779228337228
119,2025-03-13 04:00:00+00:00,215.4227092543014,216.3105355217808,207.9110965632093,209.1680145263672,61368300,0.0,0.0,-3.364361039356356,215.3063201904297,-3.364361039356356,2025-04-08 04:00:00+00:00,2025-09-04 04:00:00+00:00,171.99899291992188,239.77999877929688,67.781005859375,39.40779228337228
120,2025-03-14 04:00:00+00:00,210.7341834889886,213.42758776028128,209.0682630129612,212.96871948242188,60107600,0.0,0.0,1.8170583894774106,212.8623046875,1.8170583894774106,2025-04-08 04:00:00+00:00,2025-09-04 04:00:00+00:00,171.99899291992188,239.77999877929688,67.781005859375,39.40779228337228
121,2025-03-17 04:00:00+00:00,212.78914514941675,214.69448503570536,209.4573042902151,213.4774627685547,48073400,0.0,0.0,0.2388816946306438,211.87139892578125,0.2388816946306438,2025-04-08 04:00:00+00:00,2025-09-04 04:00:00+00:00,171.99899291992188,239.77999877929688,67.781005859375,39.40779228337228
122,2025-03-18 04:00:00+00:00,213.6370660568716,214.62463892519543,210.97358751075308,212.170654296875,42432400,0.0,0.0,-0.6121528964846634,212.87227884928384,-0.6121528964846634,2025-04-08 04:00:00+00:00,2025-09-04 04:00:00+00:00,171.99899291992188,239.77999877929688,67.781005859375,39.40779228337228
123,2025-03-19 04:00:00+00:00,213.6969181399133,218.22582565599035,213.2280645696868,214.7144317626953,54385400,0.0,0.0,1.1989299247109786,213.45418294270834,1.1989299247109786,2025-04-08 04:00:00+00:00,2025-09-04 04:00:00+00:00,171.99899291992188,239.77999877929688,67.781005859375,39.40779228337228
124,2025-03-20 04:00:00+00:00,213.4674927164621,216.9589465476154,211.70181037410745,213.5772247314453,48862900,0.0,0.0,-0.5296369796450651,213.48743693033853,-0.5296369796450651,2025-04-08 04:00:00+00:00,2025-09-04 04:00:00+00:00,171.99899291992188,239.77999877929688,67.781005859375,39.40779228337228
125,2025-03-21 04:00:00+00:00,211.04340788811464,218.30563028145065,210.764092813104,217.73703002929688,94127800,0.0,0.0,1.94768206351692,215.3428955078125,1.94768206351692,2025-04-08 04:00:00+00:00,2025-09-04 04:00:00+00:00,171.99899291992188,239.77999877929688,67.781005859375,39.40779228337228
126,2025-03-24 04:00:00+00:00,220.460369765545,220.9391934559484,218.04628066528423,220.19102478027344,44299500,0.0,0.0,1.1270452024841005,217.16842651367188,1.1270452024841005,2025-04-08 04:00:00+00:00,2025-09-04 04:00:00+00:00,171.99899291992188,239.77999877929688,67.781005859375,39.40779228337228
127,2025-03-25 04:00:00+00:00,220.23093972638688,223.5528105346996,219.5426220965296,223.2036590576172,34493600,0.0,0.0,1.3681912241200633,220.37723795572916,1.3681912241200633,2025-04-08 04:00:00+00:00,2025-09-04 04:00:00+00:00,171.99899291992188,239.77999877929688,67.781005859375,39.40779228337228
128,2025-03-26 04:00:00+00:00,222.96422035625235,224.4705429297273,219.9316502269997,220.9890594482422,34466100,0.0,0.0,-0.9921878605060552,221.46124776204428,-0.9921878605060552,2025-04-08 04:00:00+00:00,2025-09-04 04:00:00+00:00,171.99899291992188,239.77999877929688,67.781005859375,39.40779228337228
129,2025-03-27 04:00:00+00:00,220.8494059295757,224.4406214835582,220.0214308095873,223.30340576171875,37094800,0.0,0.0,1.0472673711788838,222.49870808919272,1.0472673711788838,2025-04-08 04:00:00+00:00,2025-09-04 04:00:00+00:00,171.99899291992188,239.77999877929688,67.781005859375,39.40779228337228
130,2025-03-28 04:00:00+00:00,221.12873402087155,223.26350805320467,217.1484711493609,217.3679351806641,39818600,0.0,0.0,-2.658029581236321,220.553466796875,-2.658029581236321,2025-04-08 04:00:00+00:00,2025-09-04 04:00:00+00:00,171.99899291992188,239.77999877929688,67.781005859375,39.40779228337228
131,2025-03-31 04:00:00+00:00,216.4801074447652,225.06908447075045,215.7020132379398,221.58761596679688,65299300,0.0,0.0,1.9412618437147255,220.75298563639322,1.9412618437147255,2025-04-08 04:00:00+00:00,2025-09-04 04:00:00+00:00,171.99899291992188,239.77999877929688,67.781005859375,39.40779228337228
132,2025-04-01 04:00:00+00:00,219.2732679074421,223.13381331282267,218.36548628233527,222.64501953125,36412700,0.0,0.0,0.4771943413171442,220.5335235595703,0.4771943413171442,2025-04-08 04:00:00+00:00,2025-09-04 04:00:00+00:00,171.99899291992188,239.77999877929688,67.781005859375,39.40779228337228
133,2025-04-02 04:00:00+00:00,220.77959080525144,224.6401362151353,220.4803202973195,223.3433074951172,35905900,0.0,0.0,0.31363286964034565,222.5253143310547,0.31363286964034565,2025-04-08 04:00:00+00:00,2025-09-04 04:00:00+00:00,171.99899291992188,239.77999877929688,67.781005859375,39.40779228337228
134,2025-04-03 04:00:00+00:00,205.03811566571247,206.9833664271943,200.75859747782036,202.69386291503903,103419000,0.0,0.0,-9.245607048480553,216.2273966471354,-9.245607048480553,2025-04-08 04:00:00+00:00,2025-09-04 04:00:00+00:00,171.99899291992188,239.77999877929688,67.781005859375,39.40779228337228
135,2025-04-04 04:00:00+00:00,193.4165691841804,199.391948603074,186.88255957870848,187.92002868652344,125910900,0.0,0.0,-7.28874274536283,204.65239969889322,-7.28874274536283,2025-04-08 04:00:00+00:00,2025-09-04 04:00:00+00:00,171.99899291992188,239.77999877929688,67.781005859375,39.40779228337228
136,2025-04-07 04:00:00+00:00,176.76731422169505,193.6759230716255,174.19361217758157,181.0169219970703,160466300,0.0,0.0,-3.67342786061855,190.5436045328776,-3.67342786061855,2025-04-08 04:00:00+00:00,2025-09-04 04:00:00+00:00,171.99899291992188,239.77999877929688,67.781005859375,39.40779228337228
137,2025-04-08 04:00:00+00:00,186.244123618335,189.87523506652792,168.79683943762106,171.99899291992188,120859500,0.0,0.0,-4.98181549971024,180.31198120117188,-4.98181549971024,2025-04-08 04:00:00+00:00,2025-09-04 04:00:00+00:00,171.99899291992188,239.77999877929688,67.781005859375,39.40779228337228
138,2025-04-09 04:00:00+00:00,171.53013119082922,200.1201531468693,171.47028013366514,198.3644561767578,184395900,0.0,0.0,15.328847459654016,183.79345703125,15.328847459654016,2025-04-08 04:00:00+00:00,2025-09-04 04:00:00+00:00,171.99899291992188,239.77999877929688,67.781005859375,39.40779228337228
139,2025-04-10 04:00:00+00:00,188.6083530498886,194.30440235729915,182.55316692796467,189.95504760742188,121880000,0.0,0.0,-4.239372683704234,186.77283223470053,-4.239372683704234,2025-04-08 04:00:00+00:00,2025-09-04 04:00:00+00:00,171.99899291992188,239.77999877929688,67.781005859375,39.40779228337228
140,2025-04-11 04:00:00+00:00,185.64558871717136,199.05275825525484,185.6056778647687,197.6661529541016,87435900,0.0,0.0,4.059436926686022,195.32855224609375,4.059436926686022,2025-04-08 04:00:00+00:00,2025-09-04 04:00:00+00:00,171.99899291992188,239.77999877929688,67.781005859375,39.40779228337228
141,2025-04-14 04:00:00+00:00,210.9237150406947,212.42005238891585,200.6688176319417,202.02549743652344,101352900,0.0,0.0,2.205407661995684,196.54889933268228,2.205407661995684,2025-04-08 04:00:00+00:00,2025-09-04 04:00:00+00:00,171.99899291992188,239.77999877929688,67.781005859375,39.40779228337228
142,2025-04-15 04:00:00+00:00,201.36710824854453,203.01307326666696,199.31214069618733,201.64642333984372,51343900,0.0,0.0,-0.1876367594634054,200.4460245768229,-0.1876367594634054,2025-04-08 04:00:00+00:00,2025-09-04 04:00:00+00:00,171.99899291992188,239.77999877929688,67.781005859375,39.40779228337228
143,2025-04-16 04:00:00+00:00,197.8756484915953,200.2099310657198,191.9002692932641,193.79563903808597,59732400,0.0,0.0,-3.8933417075920462,199.15585327148438,-3.8933417075920462,2025-04-08 04:00:00+00:00,2025-09-04 04:00:00+00:00,171.99899291992188,239.77999877929688,67.781005859375,39.40779228337228
144,2025-04-17 04:00:00+00:00,196.71848747425943,198.34451232255947,193.9452767059697,196.4990234375,52164700,0.0,0.0,1.3949665806890277,197.3136952718099,1.3949665806890277,2025-04-08 04:00:00+00:00,2025-09-04 04:00:00+00:00,171.99899291992188,239.77999877929688,67.781005859375,39.40779228337228
145,2025-04-21 04:00:00+00:00,192.79807124065383,193.32677585155807,189.3465132845993,192.68833923339844,46742500,0.0,0.0,-1.9392891310289984,194.32766723632812,-1.9392891310289984,2025-04-08 04:00:00+00:00,2025-09-04 04:00:00+00:00,171.99899291992188,239.77999877929688,67.781005859375,39.40779228337228
146,2025-04-22 04:00:00+00:00,195.64111763020085,201.097762433896,195.49148998245192,199.25228881835935,52976400,0.0,0.0,3.4065110587777614,196.14655049641928,3.4065110587777614,2025-04-08 04:00:00+00:00,2025-09-04 04:00:00+00:00,171.99899291992188,239.77999877929688,67.781005859375,39.40779228337228
147,2025-04-23 04:00:00+00:00,205.49700887470837,207.4921254657249,202.30482537338813,204.10043334960935,52929200,0.0,0.0,2.433168803229968,198.68035380045572,2.433168803229968,2025-04-08 04:00:00+00:00,2025-09-04 04:00:00+00:00,171.99899291992188,239.77999877929688,67.781005859375,39.40779228337228
148,2025-04-24 04:00:00+00:00,204.38970763388747,208.32008954356945,202.44447210591892,207.8612060546875,47311000,0.0,0.0,1.8426088780694627,203.73797607421875,1.8426088780694627,2025-04-08 04:00:00+00:00,2025-09-04 04:00:00+00:00,171.99899291992188,239.77999877929688,67.781005859375,39.40779228337228
149,2025-04-25 04:00:00+00:00,205.86608387594285,209.2378355121778,205.69650080604464,208.76898193359372,38222300,0.0,0.0,0.4367221263343435,206.91020711263022,0.4367221263343435,2025-04-08 04:00:00+00:00,2025-09-04 04:00:00+00:00,171.99899291992188,239.77999877929688,67.781005859375,39.40779228337228
150,2025-04-28 04:00:00+00:00,209.48723454234343,210.9835719319316,206.95344326011443,209.62689208984372,38743100,0.0,0.0,0.4109375580146679,208.75236002604163,0.4109375580146679,2025-04-08 04:00:00+00:00,2025-09-04 04:00:00+00:00,171.99899291992188,239.77999877929688,67.781005859375,39.40779228337228
151,2025-04-29 04:00:00+00:00,208.18042396697467,211.72175863443917,207.86119803545407,210.69427490234372,36827600,0.0,0.0,0.5091821959763321,209.69671630859372,0.5091821959763321,2025-04-08 04:00:00+00:00,2025-09-04 04:00:00+00:00,171.99899291992188,239.77999877929688,67.781005859375,39.40779228337228
152,2025-04-30 04:00:00+00:00,208.78894157113288,213.0584895980106,206.16535854293036,211.9811248779297,52286500,0.0,0.0,0.6107664653832723,210.7674306233724,0.6107664653832723,2025-04-08 04:00:00+00:00,2025-09-04 04:00:00+00:00,171.99899291992188,239.77999877929688,67.781005859375,39.40779228337228
153,2025-05-01 04:00:00+00:00,208.5694808389541,214.0360957896086,208.3899124386699,212.79913330078125,57365700,0.0,0.0,0.38588738658813515,211.82484436035156,0.38588738658813515,2025-04-08 04:00:00+00:00,2025-09-04 04:00:00+00:00,171.99899291992188,239.77999877929688,67.781005859375,39.40779228337228
154,2025-05-02 04:00:00+00:00,205.58677037884885,206.4845819118293,201.66637387157863,204.8485870361328,101010600,0.0,0.0,-3.7361741757710676,209.87628173828125,-3.7361741757710676,2025-04-08 04:00:00+00:00,2025-09-04 04:00:00+00:00,171.99899291992188,239.77999877929688,67.781005859375,39.40779228337228
155,2025-05-05 04:00:00+00:00,202.6040848015313,203.60164304236295,197.72602561272544,198.40435791015625,69018500,0.0,0.0,-3.1458499271170837,205.35069274902344,-3.1458499271170837,2025-04-08 04:00:00+00:00,2025-09-04 04:00:00+00:00,171.99899291992188,239.77999877929688,67.781005859375,39.40779228337228
156,2025-05-06 04:00:00+00:00,197.72601327833053,200.16004244803628,196.53891661034845,198.0252685546875,51216500,0.0,0.0,-0.19106906696092496,200.4260711669922,-0.19106906696092496,2025-04-08 04:00:00+00:00,2025-09-04 04:00:00+00:00,171.99899291992188,239.77999877929688,67.781005859375,39.40779228337228
157,2025-05-07 04:00:00+00:00,198.6836658614824,198.9530108388585,192.77812311451905,195.7707977294922,68536700,0.0,0.0,-1.1384763377168206,197.40014139811197,-1.1384763377168206,2025-04-08 04:00:00+00:00,2025-09-04 04:00:00+00:00,171.99899291992188,239.77999877929688,67.781005859375,39.40779228337228
158,2025-05-08 04:00:00+00:00,197.2372161152265,199.56152863729463,194.20463054641704,197.00778198242188,50478900,0.0,0.0,0.6318533035958307,196.9346160888672,0.6318533035958307,2025-04-08 04:00:00+00:00,2025-09-04 04:00:00+00:00,171.99899291992188,239.77999877929688,67.781005859375,39.40779228337228
159,2025-05-09 04:00:00+00:00,198.51409591462888,200.0503289543839,197.05765414160052,198.0452423095703,36453900,0.0,0.0,0.52660880535218,196.94127400716147,0.52660880535218,2025-04-08 04:00:00+00:00,2025-09-04 04:00:00+00:00,171.99899291992188,239.77999877929688,67.781005859375,39.40779228337228
160,2025-05-12 04:00:00+00:00,210.7308445260501,211.0305074927824,206.5156271207593,210.5510406494141,63775800,0.26,0.0,6.31461689965549,201.8680216471354,6.31461689965549,2025-04-08 04:00:00+00:00,2025-09-04 04:00:00+00:00,171.99899291992188,239.77999877929688,67.781005859375,39.40779228337228
161,2025-05-13 04:00:00+00:00,210.19144790738707,213.1580823159532,208.76307628033237,212.6886138916016,51909300,0.0,0.0,1.0152280585241868,207.09496561686197,1.0152280585241868,2025-04-08 04:00:00+00:00,2025-09-04 04:00:00+00:00,171.99899291992188,239.77999877929688,67.781005859375,39.40779228337228
162,2025-05-14 04:00:00+00:00,212.18917192393891,213.69746987061376,210.34127831689767,212.08929443359372,49325800,0.0,0.0,-0.28178257737544454,211.77631632486978,-0.28178257737544454,2025-04-08 04:00:00+00:00,2025-09-04 04:00:00+00:00,171.99899291992188,239.77999877929688,67.781005859375,39.40779228337228
163,2025-05-15 04:00:00+00:00,210.71086343228012,212.7185946451233,209.30245815432872,211.21029663085935,45029500,0.0,0.0,-0.4144470399044975,211.9960683186849,-0.4144470399044975,2025-04-08 04:00:00+00:00,2025-09-04 04:00:00+00:00,171.99899291992188,239.77999877929688,67.781005859375,39.40779228337228
164,2025-05-16 04:00:00+00:00,212.11926693678467,212.32903558469047,209.53220664773164,211.0205078125,54737900,0.0,0.0,-0.08985774907132038,211.44003295898438,-0.08985774907132038,2025-04-08 04:00:00+00:00,2025-09-04 04:00:00+00:00,171.99899291992188,239.77999877929688,67.781005859375,39.40779228337228
165,2025-05-19 04:00:00+00:00,207.67431083672196,209.2425231134968,204.02843943795537,208.54331970214844,46140500,0.0,0.0,-1.173908704907789,210.25804138183594,-1.173908704907789,2025-04-08 04:00:00+00:00,2025-09-04 04:00:00+00:00,171.99899291992188,239.77999877929688,67.781005859375,39.40779228337228
166,2025-05-20 04:00:00+00:00,207.4345828831543,208.2336790492342,204.79757620413463,206.62550354003903,42496600,0.0,0.0,-0.9196248361484471,208.72977701822916,-0.9196248361484471,2025-04-08 04:00:00+00:00,2025-09-04 04:00:00+00:00,171.99899291992188,239.77999877929688,67.781005859375,39.40779228337228
167,2025-05-21 04:00:00+00:00,204.93741112479617,206.8052863577864,200.4824756537251,201.86090087890625,59211800,0.0,0.0,-2.3059121838798213,205.67657470703125,-2.3059121838798213,2025-04-08 04:00:00+00:00,2025-09-04 04:00:00+00:00,171.99899291992188,239.77999877929688,67.781005859375,39.40779228337228
168,2025-05-22 04:00:00+00:00,200.4824720941681,202.52015274475195,199.4736073247078,201.13172912597656,46742400,0.0,0.0,-0.36122485818445016,203.20604451497397,-0.36122485818445016,2025-04-08 04:00:00+00:00,2025-09-04 04:00:00+00:00,171.99899291992188,239.77999877929688,67.781005859375,39.40779228337228
169,2025-05-23 04:00:00+00:00,193.4504526925712,197.4758830409797,193.2406992850713,195.04864501953125,78432900,0.0,0.0,-3.024427887573744,199.3470916748047,-3.024427887573744,2025-04-08 04:00:00+00:00,2025-09-04 04:00:00+00:00,171.99899291992188,239.77999877929688,67.781005859375,39.40779228337228
170,2025-05-27 04:00:00+00:00,198.07520901450675,200.51244545494848,197.20618488735448,199.9830474853516,56288500,0.0,0.0,2.5298317070217236,198.72114054361978,2.5298317070217236,2025-04-08 04:00:00+00:00,2025-09-04 04:00:00+00:00,171.99899291992188,239.77999877929688,67.781005859375,39.40779228337228
171,2025-05-28 04:00:00+00:00,200.3626002526684,202.50017366149785,199.6733800230216,200.1927947998047,45339700,0.0,0.0,0.10488254734115632,198.40816243489584,0.10488254734115632,2025-04-08 04:00:00+00:00,2025-09-04 04:00:00+00:00,171.99899291992188,239.77999877929688,67.781005859375,39.40779228337228
172,2025-05-29 04:00:00+00:00,203.3492174371598,203.57895243464628,198.28495762525483,199.72332763671875,51396800,0.0,0.0,-0.234507522388816,199.96638997395834,-0.234507522388816,2025-04-08 04:00:00+00:00,2025-09-04 04:00:00+00:00,171.99899291992188,239.77999877929688,67.781005859375,39.40779228337228
173,2025-05-30 04:00:00+00:00,199.143981266816,201.73105672211125,196.55692105301176,200.622314453125,70819900,0.0,0.0,0.4501160816033689,200.17947896321616,0.4501160816033689,2025-04-08 04:00:00+00:00,2025-09-04 04:00:00+00:00,171.99899291992188,239.77999877929688,67.781005859375,39.40779228337228
174,2025-06-02 04:00:00+00:00,200.05295557621693,201.9008644592711,199.8931332988897,201.47134399414065,35423300,0.0,0.0,0.423197959474253,200.60566202799478,0.423197959474253,2025-04-08 04:00:00+00:00,2025-09-04 04:00:00+00:00,171.99899291992188,239.77999877929688,67.781005859375,39.40779228337228
175,2025-06-03 04:00:00+00:00,201.1217444882778,203.5389992121068,200.7321872237246,203.03956604003903,46381600,0.0,0.0,0.7783846649397352,201.71107482910156,0.7783846649397352,2025-04-08 04:00:00+00:00,2025-09-04 04:00:00+00:00,171.99899291992188,239.77999877929688,67.781005859375,39.40779228337228
176,2025-06-04 04:00:00+00:00,202.6799822074808,206.00620910456837,201.8709028727957,202.590087890625,43604000,0.0,0.0,-0.221374660210516,202.36699930826822,-0.221374660210516,2025-04-08 04:00:00+00:00,2025-09-04 04:00:00+00:00,171.99899291992188,239.77999877929688,67.781005859375,39.40779228337228
177,2025-06-05 04:00:00+00:00,203.26931435006065,204.5178973620389,199.92310578136212,200.40257263183597,55126100,0.0,0.0,-1.0797740805414069,202.0107421875,-1.0797740805414069,2025-04-08 04:00:00+00:00,2025-09-04 04:00:00+00:00,171.99899291992188,239.77999877929688,67.781005859375,39.40779228337228
178,2025-06-06 04:00:00+00:00,202.76987228695745,205.4668084267123,201.82095228760733,203.68882751464844,46607700,0.0,0.0,1.639826694665114,202.22716267903647,1.639826694665114,2025-04-08 04:00:00+00:00,2025-09-04 04:00:00+00:00,171.99899291992188,239.77999877929688,67.781005859375,39.40779228337228
179,2025-06-09 04:00:00+00:00,204.15830357568728,205.76647909477697,199.79326227022588,201.2216339111328,72862600,0.0,0.0,-1.2112562253018933,201.77101135253906,-1.2112562253018933,2025-04-08 04:00:00+00:00,2025-09-04 04:00:00+00:00,171.99899291992188,239.77999877929688,67.781005859375,39.40779228337228
180,2025-06-10 04:00:00+00:00,200.3726011094186,204.11835001917973,200.34263633745985,202.44024658203125,54672600,0.0,0.0,0.605607184084711,202.45023600260416,0.605607184084711,2025-04-08 04:00:00+00:00,2025-09-04 04:00:00+00:00,171.99899291992188,239.77999877929688,67.781005859375,39.40779228337228
181,2025-06-11 04:00:00+00:00,203.26930749599725,204.2681738718989,198.18508130061548,198.55465698242188,60989900,0.0,0.0,-1.9193760456297837,200.7388458251953,-1.9193760456297837,2025-04-08 04:00:00+00:00,2025-09-04 04:00:00+00:00,171.99899291992188,239.77999877929688,67.781005859375,39.40779228337228
182,2025-06-12 04:00:00+00:00,198.85432303920933,199.45363372918547,197.13627162659284,198.97418212890625,43904600,0.0,0.0,0.2112895022762018,199.98969523111978,0.2112895022762018,2025-04-08 04:00:00+00:00,2025-09-04 04:00:00+00:00,171.99899291992188,239.77999877929688,67.781005859375,39.40779228337228
183,2025-06-13 04:00:00+00:00,199.50357538920457,200.1428492549886,195.47814514596445,196.227294921875,51447300,0.0,0.0,-1.3805244367089187,197.91871134440103,-1.3805244367089187,2025-04-08 04:00:00+00:00,2025-09-04 04:00:00+00:00,171.99899291992188,239.77999877929688,67.781005859375,39.40779228337228
184,2025-06-16 04:00:00+00:00,197.07634287373045,198.46476655376847,196.33717625414863,198.195068359375,43020700,0.0,0.0,1.0028031208825672,197.7988484700521,1.0028031208825672,2025-04-08 04:00:00+00:00,2025-09-04 04:00:00+00:00,171.99899291992188,239.77999877929688,67.781005859375,39.40779228337228
185,2025-06-17 04:00:00+00:00,196.9764419642561,198.16509536417732,194.98870767431248,195.418212890625,38856200,0.0,0.0,-1.4010719296581597,196.613525390625,-1.4010719296581597,2025-04-08 04:00:00+00:00,2025-09-04 04:00:00+00:00,171.99899291992188,239.77999877929688,67.781005859375,39.40779228337228
186,2025-06-18 04:00:00+00:00,195.71787336797544,197.3460303816964,194.84886452825484,196.35714721679688,45394700,0.0,0.0,0.4804743182752258,196.65680948893228,0.4804743182752258,2025-04-08 04:00:00+00:00,2025-09-04 04:00:00+00:00,171.99899291992188,239.77999877929688,67.781005859375,39.40779228337228
187,2025-06-20 04:00:00+00:00,198.01527480684123,201.4713439140944,196.6368343380514,200.7721405029297,96813500,0.0,0.0,2.248450514132916,197.51583353678384,2.248450514132916,2025-04-08 04:00:00+00:00,2025-09-04 04:00:00+00:00,171.99899291992188,239.77999877929688,67.781005859375,39.40779228337228
188,2025-06-23 04:00:00+00:00,201.40143343464243,202.07067208145293,198.7344620242812,201.2715759277344,55814300,0.0,0.0,0.2487573343361582,199.46695454915366,0.2487573343361582,2025-04-08 04:00:00+00:00,2025-09-04 04:00:00+00:00,171.99899291992188,239.77999877929688,67.781005859375,39.40779228337228
189,2025-06-24 04:00:00+00:00,202.36033429336192,203.2093768046809,199.9730442780961,200.07293701171875,54064000,0.0,0.0,-0.5955331300461553,200.70555114746094,-0.5955331300461553,2025-04-08 04:00:00+00:00,2025-09-04 04:00:00+00:00,171.99899291992188,239.77999877929688,67.781005859375,39.40779228337228
190,2025-06-25 04:00:00+00:00,201.2216365357081,203.43912119943792,200.3925755811161,201.33151245117188,39525700,0.0,0.0,0.6290583115593495,200.89200846354166,0.6290583115593495,2025-04-08 04:00:00+00:00,2025-09-04 04:00:00+00:00,171.99899291992188,239.77999877929688,67.781005859375,39.40779228337228
191,2025-06-26 04:00:00+00:00,201.20164572639828,202.41028074115465,199.23389299836737,200.7721405029297,50799100,0.0,0.0,-0.27783626191049127,200.72552998860678,-0.27783626191049127,2025-04-08 04:00:00+00:00,2025-09-04 04:00:00+00:00,171.99899291992188,239.77999877929688,67.781005859375,39.40779228337228
192,2025-06-27 04:00:00+00:00,201.66113009938155,202.98962419564967,199.7732732765776,200.85205078125,73188600,0.0,0.0,0.039801477495893245,200.98523457845053,0.039801477495893245,2025-04-08 04:00:00+00:00,2025-09-04 04:00:00+00:00,171.99899291992188,239.77999877929688,67.781005859375,39.40779228337228
193,2025-06-30 04:00:00+00:00,201.7809871041056,207.15489297707504,199.0341046248948,204.9374084472656,91912800,0.0,0.0,2.0340134193924664,202.18719991048178,2.0340134193924664,2025-04-08 04:00:00+00:00,2025-09-04 04:00:00+00:00,171.99899291992188,239.77999877929688,67.781005859375,39.40779228337228
194,2025-07-01 04:00:00+00:00,206.4357061767528,209.95171998702364,205.90630823197935,207.58441162109372,78788900,0.0,0.0,1.2916154224275056,204.45795694986978,1.2916154224275056,2025-04-08 04:00:00+00:00,2025-09-04 04:00:00+00:00,171.99899291992188,239.77999877929688,67.781005859375,39.40779228337228
195,2025-07-02 04:00:00+00:00,208.6731759252599,213.09814660534315,207.9040445567577,212.1991729736328,67941800,0.0,0.0,2.2230770203315986,208.2403310139974,2.2230770203315986,2025-04-08 04:00:00+00:00,2025-09-04 04:00:00+00:00,171.99899291992188,239.77999877929688,67.781005859375,39.40779228337228
196,2025-07-03 04:00:00+00:00,211.90950026104147,214.4066662563,211.56988934364432,213.30792236328125,34955800,0.0,0.0,0.5225041050401336,211.03050231933594,0.5225041050401336,2025-04-08 04:00:00+00:00,2025-09-04 04:00:00+00:00,171.99899291992188,239.77999877929688,67.781005859375,39.40779228337228
197,2025-07-07 04:00:00+00:00,212.43889126622693,215.9848699115094,208.563300132892,209.7119903564453,50229000,0.0,0.0,-1.6857939297312052,211.73969523111978,-1.6857939297312052,2025-04-08 04:00:00+00:00,2025-09-04 04:00:00+00:00,171.99899291992188,239.77999877929688,67.781005859375,39.40779228337228
198,2025-07-08 04:00:00+00:00,209.86183643928916,211.1903153368944,208.213697736729,209.7719268798828,42848900,0.0,0.0,0.02858039892503772,210.93061319986978,0.02858039892503772,2025-04-08 04:00:00+00:00,2025-09-04 04:00:00+00:00,171.99899291992188,239.77999877929688,67.781005859375,39.40779228337228
199,2025-07-09 04:00:00+00:00,209.2924745188519,211.09043707809712,206.98509558510867,210.9006500244141,48749400,0.0,0.0,0.5380715910463962,210.12818908691406,0.5380715910463962,2025-04-08 04:00:00+00:00,2025-09-04 04:00:00+00:00,171.99899291992188,239.77999877929688,67.781005859375,39.40779228337228
200,2025-07-10 04:00:00+00:00,210.27134950514616,213.237983779078,209.7918979255535,212.1692047119141,44443600,0.0,0.0,0.6014939675876629,210.94726053873697,0.6014939675876629,2025-04-08 04:00:00+00:00,2025-09-04 04:00:00+00:00,171.99899291992188,239.77999877929688,67.781005859375,39.40779228337228
201,2025-07-11 04:00:00+00:00,210.33129628612957,211.88952536572023,209.6220944658076,210.92062377929688,39765800,0.0,0.0,-0.588483580504795,211.33015950520834,-0.588483580504795,2025-04-08 04:00:00+00:00,2025-09-04 04:00:00+00:00,171.99899291992188,239.77999877929688,67.781005859375,39.40779228337228
202,2025-07-14 04:00:00+00:00,209.69201166358403,210.670911689046,207.3047216270235,208.3834991455078,38840100,0.0,0.0,-1.2028812490351148,210.4911092122396,-1.2028812490351148,2025-04-08 04:00:00+00:00,2025-09-04 04:00:00+00:00,171.99899291992188,239.77999877929688,67.781005859375,39.40779228337228
203,2025-07-15 04:00:00+00:00,208.9828312368767,211.64980271899068,208.6831682659836,208.8729553222656,42296300,0.0,0.0,0.23488240612372646,209.3923594156901,0.23488240612372646,2025-04-08 04:00:00+00:00,2025-09-04 04:00:00+00:00,171.99899291992188,239.77999877929688,67.781005859375,39.40779228337228
204,2025-07-16 04:00:00+00:00,210.06160887608692,212.1592191902425,208.40348697906975,209.92176818847656,47490500,0.0,0.0,0.502129567034082,209.05940755208334,0.502129567034082,2025-04-08 04:00:00+00:00,2025-09-04 04:00:00+00:00,171.99899291992188,239.77999877929688,67.781005859375,39.40779228337228
205,2025-07-17 04:00:00+00:00,210.3313009439948,211.5599023237274,209.35240091776063,209.78192138671875,48068100,0.0,0.0,-0.06661853268702389,209.52554829915366,-0.06661853268702389,2025-04-08 04:00:00+00:00,2025-09-04 04:00:00+00:00,171.99899291992188,239.77999877929688,67.781005859375,39.40779228337228
206,2025-07-18 04:00:00+00:00,210.63095139102305,211.54990664350103,209.46227954032304,210.9405975341797,48974600,0.0,0.0,0.5523241182089356,210.21476236979166,0.5523241182089356,2025-04-08 04:00:00+00:00,2025-09-04 04:00:00+00:00,171.99899291992188,239.77999877929688,67.781005859375,39.40779228337228
207,2025-07-21 04:00:00+00:00,211.8595616297783,215.53538252867688,211.39009321998003,212.23912048339844,51377400,0.0,0.0,0.6155870251616014,210.98721313476562,0.6155870251616014,2025-04-08 04:00:00+00:00,2025-09-04 04:00:00+00:00,171.99899291992188,239.77999877929688,67.781005859375,39.40779228337228
208,2025-07-22 04:00:00+00:00,212.89838571641525,214.7063314773177,211.9894136266437,214.15695190429688,46404100,0.0,0.0,0.9036182474420285,212.445556640625,0.9036182474420285,2025-04-08 04:00:00+00:00,2025-09-04 04:00:00+00:00,171.99899291992188,239.77999877929688,67.781005859375,39.40779228337228
209,2025-07-23 04:00:00+00:00,214.75626907170556,214.90609293027535,212.1692088371252,213.9072265625,46989300,0.0,0.0,-0.11660856188711044,213.43443298339844,-0.11660856188711044,2025-04-08 04:00:00+00:00,2025-09-04 04:00:00+00:00,171.99899291992188,239.77999877929688,67.781005859375,39.40779228337228
210,2025-07-24 04:00:00+00:00,213.65751035981805,215.44548969662856,213.28793468034505,213.5176696777344,46022600,0.0,0.0,-0.18211487803652116,213.8606160481771,-0.18211487803652116,2025-04-08 04:00:00+00:00,2025-09-04 04:00:00+00:00,171.99899291992188,239.77999877929688,67.781005859375,39.40779228337228
211,2025-07-25 04:00:00+00:00,214.45660521718813,214.9960015887686,213.15807589620647,213.63754272460935,40268800,0.0,0.0,0.05614197975083446,213.6874796549479,0.05614197975083446,2025-04-08 04:00:00+00:00,2025-09-04 04:00:00+00:00,171.99899291992188,239.77999877929688,67.781005859375,39.40779228337228
212,2025-07-28 04:00:00+00:00,213.78737619229815,214.6064539631857,212.81847455673216,213.80735778808597,37858000,0.0,0.0,0.07948746335073587,213.65419006347656,0.07948746335073587,2025-04-08 04:00:00+00:00,2025-09-04 04:00:00+00:00,171.99899291992188,239.77999877929688,67.781005859375,39.40779228337228
213,2025-07-29 04:00:00+00:00,213.93719187335407,214.5664825639156,210.58101550100253,211.03050231933597,51411700,0.0,0.0,-1.2987651582609505,212.82513427734375,-1.2987651582609505,2025-04-08 04:00:00+00:00,2025-09-04 04:00:00+00:00,171.99899291992188,239.77999877929688,67.781005859375,39.40779228337228
214,2025-07-30 04:00:00+00:00,211.65977882345743,212.14922883427735,207.48452469073797,208.81301879882807,45512500,0.0,0.0,-1.0507881543836528,211.21695963541666,-1.0507881543836528,2025-04-08 04:00:00+00:00,2025-09-04 04:00:00+00:00,171.99899291992188,239.77999877929688,67.781005859375,39.40779228337228
215,2025-07-31 04:00:00+00:00,208.25365677749065,209.60211724381097,206.92516266487007,207.33470153808597,80698400,0.0,0.0,-0.7079622090834903,209.05940755208334,-0.7079622090834903,2025-04-08 04:00:00+00:00,2025-09-04 04:00:00+00:00,171.99899291992188,239.77999877929688,67.781005859375,39.40779228337228
216,2025-08-01 04:00:00+00:00,210.63095505795985,213.33788973606852,201.27158167093611,202.1505889892578,104434500,0.0,0.0,-2.500359327392121,206.09943644205728,-2.500359327392121,2025-04-08 04:00:00+00:00,2025-09-04 04:00:00+00:00,171.99899291992188,239.77999877929688,67.781005859375,39.40779228337228
217,2025-08-04 04:00:00+00:00,204.27816503495924,207.64435521756303,201.4513712516652,203.11949157714844,75109300,0.0,0.0,0.4792974350137147,204.20159403483072,0.4792974350137147,2025-04-08 04:00:00+00:00,2025-09-04 04:00:00+00:00,171.99899291992188,239.77999877929688,67.781005859375,39.40779228337228
218,2025-08-05 04:00:00+00:00,203.1694082424696,205.1072113881769,201.93082373064988,202.68995666503903,44155100,0.0,0.0,-0.21146907604692178,202.6533457438151,-0.21146907604692178,2025-04-08 04:00:00+00:00,2025-09-04 04:00:00+00:00,171.99899291992188,239.77999877929688,67.781005859375,39.40779228337228
219,2025-08-06 04:00:00+00:00,205.39689808550256,215.1358452662651,205.3569348951669,213.0082550048828,108483100,0.0,0.0,5.090680618623633,206.27256774902344,5.090680618623633,2025-04-08 04:00:00+00:00,2025-09-04 04:00:00+00:00,171.99899291992188,239.77999877929688,67.781005859375,39.40779228337228
220,2025-08-07 04:00:00+00:00,218.63187314031333,220.5996410833085,216.33447747046455,219.7805633544922,90224800,0.0,0.0,3.179364268982976,211.82625834147134,3.179364268982976,2025-04-08 04:00:00+00:00,2025-09-04 04:00:00+00:00,171.99899291992188,239.77999877929688,67.781005859375,39.40779228337228
221,2025-08-08 04:00:00+00:00,220.57966572513484,230.73813503605493,219.00145500716468,229.0900115966797,113854000,0.0,0.0,4.235792328538146,220.62627665201822,4.235792328538146,2025-04-08 04:00:00+00:00,2025-09-04 04:00:00+00:00,171.99899291992188,239.77999877929688,67.781005859375,39.40779228337228
222,2025-08-11 04:00:00+00:00,227.9199981689453,229.55999755859372,224.75999450683597,227.17999267578125,61806100,0.26,0.0,-0.8337416841468825,225.35018920898438,-0.8337416841468825,2025-04-08 04:00:00+00:00,2025-09-04 04:00:00+00:00,171.99899291992188,239.77999877929688,67.781005859375,39.40779228337228
223,2025-08-12 04:00:00+00:00,228.00999450683597,230.8000030517578,227.07000732421875,229.6499938964844,55626200,0.0,0.0,1.0872441677679756,228.63999938964844,1.0872441677679756,2025-04-08 04:00:00+00:00,2025-09-04 04:00:00+00:00,171.99899291992188,239.77999877929688,67.781005859375,39.40779228337228
224,2025-08-13 04:00:00+00:00,231.07000732421875,235.0,230.42999267578125,233.3300018310547,69878500,0.0,0.0,1.602441991019199,230.05332946777344,1.602441991019199,2025-04-08 04:00:00+00:00,2025-09-04 04:00:00+00:00,171.99899291992188,239.77999877929688,67.781005859375,39.40779228337228
225,2025-08-14 04:00:00+00:00,234.05999755859372,235.1199951171875,230.8500061035156,232.77999877929688,51916300,0.0,0.0,-0.23571895917441354,231.9199981689453,-0.23571895917441354,2025-04-08 04:00:00+00:00,2025-09-04 04:00:00+00:00,171.99899291992188,239.77999877929688,67.781005859375,39.40779228337228
226,2025-08-15 04:00:00+00:00,234.0,234.27999877929688,229.33999633789065,231.58999633789065,56038700,0.0,0.0,-0.5112133549474263,232.56666564941406,-0.5112133549474263,2025-04-08 04:00:00+00:00,2025-09-04 04:00:00+00:00,171.99899291992188,239.77999877929688,67.781005859375,39.40779228337228
227,2025-08-18 04:00:00+00:00,231.6999969482422,233.1199951171875,230.1100006103516,230.88999938964844,37476200,0.0,0.0,-0.30225698834630554,231.75333150227866,-0.30225698834630554,2025-04-08 04:00:00+00:00,2025-09-04 04:00:00+00:00,171.99899291992188,239.77999877929688,67.781005859375,39.40779228337228
228,2025-08-19 04:00:00+00:00,231.27999877929688,232.8699951171875,229.3500061035156,230.55999755859372,39402600,0.0,0.0,-0.142925995897214,231.0133310953776,-0.142925995897214,2025-04-08 04:00:00+00:00,2025-09-04 04:00:00+00:00,171.99899291992188,239.77999877929688,67.781005859375,39.40779228337228
229,2025-08-20 04:00:00+00:00,229.97999572753903,230.47000122070312,225.7700042724609,226.00999450683597,42263900,0.0,0.0,-1.973457277905044,229.15333048502603,-1.973457277905044,2025-04-08 04:00:00+00:00,2025-09-04 04:00:00+00:00,171.99899291992188,239.77999877929688,67.781005859375,39.40779228337228
230,2025-08-21 04:00:00+00:00,226.2700042724609,226.5200042724609,223.77999877929688,224.8999938964844,30621200,0.0,0.0,-0.49112899311095637,227.1566619873047,-0.49112899311095637,2025-04-08 04:00:00+00:00,2025-09-04 04:00:00+00:00,171.99899291992188,239.77999877929688,67.781005859375,39.40779228337228
231,2025-08-22 04:00:00+00:00,226.1699981689453,229.08999633789065,225.41000366210935,227.75999450683597,42477800,0.0,0.0,1.2716766064777785,226.22332763671878,1.2716766064777785,2025-04-08 04:00:00+00:00,2025-09-04 04:00:00+00:00,171.99899291992188,239.77999877929688,67.781005859375,39.40779228337228
232,2025-08-25 04:00:00+00:00,226.47999572753903,229.3000030517578,226.22999572753903,227.16000366210935,30983100,0.0,0.0,-0.26343118159348755,226.6066640218099,-0.26343118159348755,2025-04-08 04:00:00+00:00,2025-09-04 04:00:00+00:00,171.99899291992188,239.77999877929688,67.781005859375,39.40779228337228
233,2025-08-26 04:00:00+00:00,226.8699951171875,229.4900054931641,224.69000244140625,229.30999755859372,54575100,0.0,0.0,0.9464667467088184,228.07666524251303,0.9464667467088184,2025-04-08 04:00:00+00:00,2025-09-04 04:00:00+00:00,171.99899291992188,239.77999877929688,67.781005859375,39.40779228337228
234,2025-08-27 04:00:00+00:00,228.6100006103516,230.8999938964844,228.25999450683597,230.4900054931641,31259500,0.0,0.0,0.5145907056533172,228.9866689046224,0.5145907056533172,2025-04-08 04:00:00+00:00,2025-09-04 04:00:00+00:00,171.99899291992188,239.77999877929688,67.781005859375,39.40779228337228
235,2025-08-28 04:00:00+00:00,230.82000732421875,233.41000366210935,229.33999633789065,232.55999755859372,38074700,0.0,0.0,0.8980832210058853,230.7866668701172,0.8980832210058853,2025-04-08 04:00:00+00:00,2025-09-04 04:00:00+00:00,171.99899291992188,239.77999877929688,67.781005859375,39.40779228337228
236,2025-08-29 04:00:00+00:00,232.50999450683597,233.3800048828125,231.3699951171875,232.13999938964844,39418400,0.0,0.0,-0.1805977697602379,231.7300008138021,-0.1805977697602379,2025-04-08 04:00:00+00:00,2025-09-04 04:00:00+00:00,171.99899291992188,239.77999877929688,67.781005859375,39.40779228337228
237,2025-09-02 04:00:00+00:00,229.25,230.8500061035156,226.97000122070312,229.72000122070312,44075600,0.0,0.0,-1.0424735828844955,231.47333272298178,-1.0424735828844955,2025-04-08 04:00:00+00:00,2025-09-04 04:00:00+00:00,171.99899291992188,239.77999877929688,67.781005859375,39.40779228337228
238,2025-09-03 04:00:00+00:00,237.2100067138672,238.8500061035156,234.3600006103516,238.47000122070312,66427800,0.0,0.0,3.8089848308826335,233.4433339436849,3.8089848308826335,2025-04-08 04:00:00+00:00,2025-09-04 04:00:00+00:00,171.99899291992188,239.77999877929688,67.781005859375,39.40779228337228
239,2025-09-04 04:00:00+00:00,238.4499969482422,239.8999938964844,236.7400054931641,239.77999877929688,47549400,0.0,0.0,0.5493343195739575,235.99000040690103,0.5493343195739575,2025-04-08 04:00:00+00:00,2025-09-04 04:00:00+00:00,171.99899291992188,239.77999877929688,67.781005859375,39.40779228337228
240,2025-09-05 04:00:00+00:00,240.0,241.32000732421875,238.4900054931641,239.69000244140625,54837300,0.0,0.0,-0.03753287945149619,239.3133341471354,-0.03753287945149619,2025-04-08 04:00:00+00:00,2025-09-04 04:00:00+00:00,171.99899291992188,239.77999877929688,67.781005859375,39.40779228337228
