,Date,Open,High,Low,Close,Volume,Dividends,Stock Splits,DailyR,Info
0,2024-09-05 04:00:00+00:00,175.0,179.88000488281,175.0,177.88999938965,40170500,0,0,,2025-04-21T04:00:00.000000000
1,2024-09-06 04:00:00+00:00,177.24000549316,178.38000488281,171.16000366211,171.38999938965,41466500,0,0,-3.6539434607351984,2025-07-31T04:00:00.000000000
2,2024-09-09 04:00:00+00:00,174.5299987793,175.85000610352,173.50999450684,175.39999389648,29037400,0,0,2.3396899008753635,167.32000732422
3,2024-09-10 04:00:00+00:00,177.49000549316,180.5,176.78999328613,179.55000305176,36233800,0,0,2.3660258265056244,234.11000061035
4,2024-09-11 04:00:00+00:00,180.10000610352,184.99000549316,175.72999572754,184.52000427246,42564700,0,0,2.7680318219027056,66.78999328613
5,2024-09-12 04:00:00+00:00,184.80000305176,187.41000366211,183.53999328613,187.0,33544200,0,0,1.3440254011039654,39.91751754869902
6,2024-09-13 04:00:00+00:00,187.0,188.5,185.91000366211,186.49000549316,26495400,0,0,-0.27272433520855177,
7,2024-09-16 04:00:00+00:00,185.28999328613,185.80999755859,183.36000061035,184.88999938965,26065500,0,0,-0.8579580976894152,
8,2024-09-17 04:00:00+00:00,186.85000610352,189.44999694824,186.13999938965,186.88000488281,26091700,0,0,1.0763186217368714,
9,2024-09-18 04:00:00+00:00,186.44999694824,188.80000305176,185.05999755859,186.42999267578,34448100,0,0,-0.2408027586002004,
10,2024-09-19 04:00:00+00:00,190.03999328613,190.99000549316,188.4700012207,189.86999511719,39543200,0,0,1.8451979705821797,
11,2024-09-20 04:00:00+00:00,190.22999572754,191.83999633789,187.41000366211,191.60000610352,100378600,0,0,0.9111555436983165,
12,2024-09-23 04:00:00+00:00,191.63999938965,194.44999694824,190.57000732422,193.88000488281,36993100,0,0,1.1899784481520959,
13,2024-09-24 04:00:00+00:00,194.27000427246,195.36999511719,190.13000488281,193.96000671387,43478900,0,0,0.0412635800728145,
14,2024-09-25 04:00:00+00:00,193.75,193.94999694824,192.16000366211,192.5299987793,26391100,0,0,-0.7372694808572278,
15,2024-09-26 04:00:00+00:00,194.30999755859,194.5299987793,189.53999328613,191.16000366211,36334900,0,0,-0.7115748848886883,
16,2024-09-27 04:00:00+00:00,190.67999267578,190.89999389648,187.33999633789,187.9700012207,36002300,0,0,-1.6687603998211786,
17,2024-09-30 04:00:00+00:00,187.13999938965,188.49000549316,184.64999389648,186.33000183105,41583900,0,0,-0.8724793206360881,
18,2024-10-01 04:00:00+00:00,184.89999389648,186.19000244141,183.44999694824,185.13000488281,36044900,0,0,-0.644017032387556,
19,2024-10-02 04:00:00+00:00,184.44000244141,186.60000610352,184.03999328613,184.75999450684,23704100,0,0,-0.19986515757087764,
20,2024-10-03 04:00:00+00:00,183.05000305176,183.44000244141,180.88000488281,181.96000671387,30204300,0,0,-1.515472979117427,
21,2024-10-04 04:00:00+00:00,185.75,187.60000610352,183.60000610352,186.50999450684,40890300,0,0,2.500542770436809,
22,2024-10-07 04:00:00+00:00,182.94999694824,183.60000610352,180.25,180.80000305176,42364200,0,0,-3.0614935516877106,
23,2024-10-08 04:00:00+00:00,181.91999816895,183.08999633789,180.91999816895,182.7200012207,26372100,0,0,1.0619458719756336,
24,2024-10-09 04:00:00+00:00,182.82000732422,185.85000610352,182.05000305176,185.16999816895,26343100,0,0,1.3408477079040582,
25,2024-10-10 04:00:00+00:00,187.13000488281,188.13000488281,185.83000183105,186.64999389648,27785000,0,0,0.7992632403547528,
26,2024-10-11 04:00:00+00:00,186.63000488281,189.92999267578,186.30000305176,188.82000732422,25751600,0,0,1.1626110360033248,
27,2024-10-14 04:00:00+00:00,189.7799987793,189.83000183105,187.36000061035,187.53999328613,22614400,0,0,-0.6779016992050524,
28,2024-10-15 04:00:00+00:00,187.63000488281,188.41000366211,184.58000183105,187.69000244141,32178900,0,0,0.07998782161153795,
29,2024-10-16 04:00:00+00:00,187.05000305176,187.7799987793,185.61000061035,186.88999938965,23456800,0,0,-0.4262363692012494,
30,2024-10-17 04:00:00+00:00,188.2200012207,188.94000244141,186.0,187.5299987793,25039400,0,0,0.3424471035047949,
31,2024-10-18 04:00:00+00:00,187.14999389648,190.74000549316,186.2799987793,188.99000549316,37417700,0,0,0.7785456851510109,
32,2024-10-21 04:00:00+00:00,188.05000305176,189.46000671387,186.39999389648,189.07000732422,24639400,0,0,0.04233124966119828,
33,2024-10-22 04:00:00+00:00,188.35000610352,191.52000427246,186.97999572754,189.69999694824,29650600,0,0,0.33320442143933704,
34,2024-10-23 04:00:00+00:00,188.85000610352,189.16000366211,183.69000244141,184.71000671387,31937100,0,0,-2.6304640562179515,
35,2024-10-24 04:00:00+00:00,185.25,187.11000061035,183.86000061035,186.38000488281,21647400,0,0,0.9041189476685751,
36,2024-10-25 04:00:00+00:00,187.85000610352,190.44999694824,187.5299987793,187.83000183105,29362100,0,0,0.7779788122399323,
37,2024-10-28 04:00:00+00:00,189.57000732422,190.21000671387,188.21000671387,188.38999938965,27930800,0,0,0.2981406341590276,
38,2024-10-29 04:00:00+00:00,188.58000183105,191.46000671387,187.82000732422,190.83000183105,35690200,0,0,1.295186819526073,
39,2024-10-30 04:00:00+00:00,194.69999694824,195.61000061035,192.41999816895,192.72999572754,37707600,0,0,0.995647371094277,
40,2024-10-31 04:00:00+00:00,190.50999450684,190.60000610352,185.22999572754,186.39999389648,75146800,0,0,-3.284388507956304,
41,2024-11-01 04:00:00+00:00,199.0,200.5,197.02000427246,197.92999267578,99687800,0,0,6.185621865257862,
42,2024-11-04 05:00:00+00:00,196.44999694824,197.33000183105,194.30999755859,195.7799987793,38492100,0,0,-1.0862395675433567,
43,2024-11-05 05:00:00+00:00,196.03999328613,199.82000732422,195.99000549316,199.5,30564800,0,0,1.900092575285739,
44,2024-11-06 05:00:00+00:00,200.00999450684,207.55000305176,199.13999938965,207.08999633789,72292200,0,0,3.8045094425513737,
45,2024-11-07 05:00:00+00:00,207.44000244141,212.25,207.19000244141,210.05000305176,52878400,0,0,1.4293335101713156,
46,2024-11-08 05:00:00+00:00,209.7200012207,209.96000671387,207.44000244141,208.17999267578,36075800,0,0,-0.8902691496363357,
47,2024-11-11 05:00:00+00:00,208.5,209.64999389648,205.58999633789,206.83999633789,35456000,0,0,-0.6436720074137536,
48,2024-11-12 05:00:00+00:00,208.36999511719,209.53999328613,206.00999450684,208.91000366211,38942900,0,0,1.0007771034952428,
49,2024-11-13 05:00:00+00:00,209.39999389648,215.08999633789,209.13999938965,214.10000610352,46212900,0,0,2.484324517941361,
50,2024-11-14 05:00:00+00:00,214.16000366211,215.89999389648,210.88000488281,211.47999572754,42620300,0,0,-1.2237320417044728,
51,2024-11-15 05:00:00+00:00,206.75999450684,207.33999633789,199.61000061035,202.61000061035,86591100,0,0,-4.194247823145247,
52,2024-11-18 05:00:00+00:00,204.14999389648,204.66999816895,200.94999694824,201.69999694824,36409900,0,0,-0.44914054556471905,
53,2024-11-19 05:00:00+00:00,199.33000183105,205.30000305176,198.7799987793,204.61000061035,31197900,0,0,1.4427385751804245,
54,2024-11-20 05:00:00+00:00,202.97999572754,203.13000488281,199.44999694824,202.88000488281,32769000,0,0,-0.8455088814717904,
55,2024-11-21 05:00:00+00:00,203.49000549316,203.49000549316,195.75,198.38000488281,58800000,0,0,-2.218059883525414,
56,2024-11-22 05:00:00+00:00,198.25,199.25999450684,196.75,197.11999511719,31530800,0,0,-0.6351495788924577,
57,2024-11-25 05:00:00+00:00,199.2799987793,201.94999694824,199.0,201.44999694824,40685700,0,0,2.196632476819893,
58,2024-11-26 05:00:00+00:00,201.89999389648,208.0,201.78999328613,207.86000061035,41673700,0,0,3.18193286632662,
59,2024-11-27 05:00:00+00:00,206.97999572754,207.63999938965,205.05000305176,205.74000549316,28061600,0,0,-1.0199148999157859,
60,2024-11-29 05:00:00+00:00,205.83000183105,208.19999694824,204.58999633789,207.88999938965,24892400,0,0,1.045005268341681,
61,2024-12-02 05:00:00+00:00,209.96000671387,212.99000549316,209.50999450684,210.71000671387,39523200,0,0,1.3564901305975985,
62,2024-12-03 05:00:00+00:00,210.30999755859,214.02000427246,209.64999389648,213.44000244141,32214800,0,0,1.2956175029917638,
63,2024-12-04 05:00:00+00:00,215.96000671387,220.0,215.75,218.16000366211,48745700,0,0,2.211394849470949,
64,2024-12-05 05:00:00+00:00,218.0299987793,222.14999389648,217.30000305176,220.55000305176,41140200,0,0,1.095525921126983,
65,2024-12-06 05:00:00+00:00,220.75,227.14999389648,220.60000610352,227.0299987793,44178100,0,0,2.938107294434822,
66,2024-12-09 05:00:00+00:00,227.21000671387,230.08000183105,225.66999816895,226.08999633789,46819400,0,0,-0.41404327466160185,
67,2024-12-10 05:00:00+00:00,226.08999633789,229.05999755859,224.19999694824,225.03999328613,31199900,0,0,-0.4644181824793203,
68,2024-12-11 05:00:00+00:00,226.41000366211,231.19999694824,226.25999450684,230.25999450684,35385800,0,0,2.3195882405101953,
69,2024-12-12 05:00:00+00:00,229.83000183105,231.08999633789,227.63000488281,228.9700012207,28204100,0,0,-0.5602333522602754,
70,2024-12-13 05:00:00+00:00,228.39999389648,230.19999694824,225.86000061035,227.46000671387,28768100,0,0,-0.6594726378039928,
71,2024-12-16 05:00:00+00:00,230.22999572754,233.0,228.00999450684,232.92999267578,37552100,0,0,2.4048121869577166,
72,2024-12-17 05:00:00+00:00,232.38999938965,232.72999572754,227.85000610352,231.14999389648,35948100,0,0,-0.7641775792169514,
73,2024-12-18 05:00:00+00:00,230.77000427246,231.39999389648,220.11000061035,220.52000427246,43281400,0,0,-4.5987410359961345,
74,2024-12-19 05:00:00+00:00,224.91000366211,226.08999633789,222.91999816895,223.28999328613,39918700,0,0,1.2561168873584716,
75,2024-12-20 05:00:00+00:00,219.83999633789,226.21000671387,218.72999572754,224.91999816895,88279200,0,0,0.7299945952935261,
76,2024-12-23 05:00:00+00:00,225.00999450684,226.88000488281,223.89999389648,225.05999755859,28070000,0,0,0.06224408268704629,
77,2024-12-24 05:00:00+00:00,226.94000244141,229.13999938965,226.13000488281,229.05000305176,15007500,0,0,1.772863030504257,
78,2024-12-26 05:00:00+00:00,228.5,228.5,226.66999816895,227.05000305176,16146700,0,0,-0.8731717849172149,
79,2024-12-27 05:00:00+00:00,225.60000610352,226.0299987793,220.89999389648,223.75,27367100,0,0,-1.4534256804249912,
80,2024-12-30 05:00:00+00:00,220.05999755859,223.0,218.42999267578,221.30000305176,28321200,0,0,-1.0949707031240208,
81,2024-12-31 05:00:00+00:00,222.9700012207,223.22999572754,218.94000244141,219.38999938965,24819700,0,0,-0.8630834323410608,
82,2025-01-02 05:00:00+00:00,222.0299987793,225.14999389648,218.19000244141,220.2200012207,33956600,0,0,0.37832254585856706,
83,2025-01-03 05:00:00+00:00,222.50999450684,225.36000061035,221.61999511719,224.19000244141,27515600,0,0,1.8027432561547263,
84,2025-01-06 05:00:00+00:00,226.7799987793,228.83999633789,224.83999633789,227.61000061035,31849800,0,0,1.5254909370161496,
85,2025-01-07 05:00:00+00:00,227.89999389648,228.38000488281,221.46000671387,222.11000061035,28084200,0,0,-2.416414035082559,
86,2025-01-08 05:00:00+00:00,223.19000244141,223.52000427246,220.19999694824,222.13000488281,25033300,0,0,0.009006470850048132,
87,2025-01-10 05:00:00+00:00,221.46000671387,221.71000671387,216.5,218.94000244141,36811500,0,0,-1.4360970473497936,
88,2025-01-13 05:00:00+00:00,218.05999755859,219.39999389648,216.4700012207,218.46000671387,27262700,0,0,-0.21923619356332136,
89,2025-01-14 05:00:00+00:00,220.44000244141,221.82000732422,216.19999694824,217.75999450684,24711700,0,0,-0.3204303696405342,
90,2025-01-15 05:00:00+00:00,222.83000183105,223.57000732422,220.75,223.35000610352,31291300,0,0,2.5670516796896914,
91,2025-01-16 05:00:00+00:00,224.41999816895,224.64999389648,220.30999755859,220.66000366211,24757300,0,0,-1.204388792433353,
92,2025-01-17 05:00:00+00:00,225.83999633789,226.50999450684,223.08000183105,225.94000244141,42370100,0,0,2.3928209424781466,
93,2025-01-21 05:00:00+00:00,228.89999389648,231.7799987793,226.94000244141,230.71000671387,39951500,0,0,2.1111818274397676,
94,2025-01-22 05:00:00+00:00,232.02000427246,235.44000244141,231.19000244141,235.00999450684,41448200,0,0,1.8638063663631632,
95,2025-01-24 05:00:00+00:00,234.5,236.39999389648,232.92999267578,234.85000610352,25890700,0,0,-0.06807727631147342,
96,2025-01-30 05:00:00+00:00,237.13999938965,237.94999694824,232.2200012207,234.63999938965,32020700,0,0,-0.08942163441010287,
97,2025-02-07 05:00:00+00:00,232.5,234.80999755859,228.05999755859,229.14999389648,77539300,0,0,-2.339756864750553,
98,2025-02-10 05:00:00+00:00,230.55000305176,233.91999816895,229.19999694824,233.13999938965,35419900,0,0,1.7412199866662537,
99,2025-02-11 05:00:00+00:00,231.91999816895,233.44000244141,230.13000488281,232.75999450684,23713700,0,0,-0.16299428832668994,
100,2025-02-12 05:00:00+00:00,230.46000671387,231.17999267578,228.16000366211,228.92999267578,32285200,0,0,-1.6454725560441807,
101,2025-02-13 05:00:00+00:00,228.85000610352,230.41999816895,227.52000427246,230.36999511719,31346500,0,0,0.6290143220549549,
102,2025-02-14 05:00:00+00:00,229.19999694824,229.88999938965,227.22999572754,228.67999267578,27031100,0,0,-0.7336035409256758,
103,2025-02-18 05:00:00+00:00,228.82000732422,229.30000305176,223.7200012207,226.64999389648,42975100,0,0,-0.887702835541937,
104,2025-02-19 05:00:00+00:00,225.52000427246,226.83000183105,223.71000671387,226.63000488281,28566700,0,0,-0.008819331219189763,
105,2025-02-20 05:00:00+00:00,224.7799987793,225.13000488281,221.80999755859,222.88000488281,30001700,0,0,-1.6546793977872065,
106,2025-02-21 05:00:00+00:00,223.2799987793,223.30999755859,214.74000549316,216.58000183105,55323900,0,0,-2.826634473142864,
107,2025-02-24 05:00:00+00:00,217.44999694824,217.7200012207,212.41999816895,212.71000671387,42387600,0,0,-1.7868663239733906,
108,2025-02-25 05:00:00+00:00,211.63000488281,213.33999633789,204.16000366211,212.80000305176,58958000,0,0,0.04230940484668544,
109,2025-02-26 05:00:00+00:00,214.94000244141,218.16000366211,213.08999633789,214.35000610352,39120600,0,0,0.728384882298605,
110,2025-02-27 05:00:00+00:00,218.35000610352,219.9700012207,208.36999511719,208.74000549316,40548600,0,0,-2.617215045774557,
111,2025-02-28 05:00:00+00:00,208.64999389648,212.61999511719,206.99000549316,212.2799987793,51771700,0,0,1.6958863624519704,
112,2025-03-03 05:00:00+00:00,213.35000610352,214.00999450684,202.55000305176,205.02000427246,42948400,0,0,-3.4200087377935007,
113,2025-03-04 05:00:00+00:00,200.11000061035,206.80000305176,197.42999267578,203.80000305176,60853100,0,0,-0.5950644792098836,
114,2025-03-05 05:00:00+00:00,204.80000305176,209.97999572754,203.25999450684,208.36000061035,38610100,0,0,2.2374865016228096,
115,2025-03-06 05:00:00+00:00,204.39999389648,205.77000427246,198.30000305176,200.69999694824,49863800,0,0,-3.676331176651715,
116,2025-03-07 05:00:00+00:00,199.49000549316,202.27000427246,192.5299987793,199.25,59802800,0,0,-0.7224698407015673,
117,2025-03-10 04:00:00+00:00,195.60000610352,196.72999572754,190.85000610352,194.53999328613,62350900,0,0,-2.363867861415303,
118,2025-03-11 04:00:00+00:00,193.89999389648,200.17999267578,193.39999389648,196.58999633789,54002900,0,0,1.053769467723198,
119,2025-03-12 04:00:00+00:00,200.7200012207,201.52000427246,195.28999328613,198.88999938965,43679300,0,0,1.169949180835661,
120,2025-03-13 04:00:00+00:00,198.16999816895,198.88000488281,191.82000732422,193.88999938965,41270800,0,0,-2.5139524437346794,
121,2025-03-14 04:00:00+00:00,197.41000366211,198.64999389648,195.32000732422,197.94999694824,38096700,0,0,2.093969555609121,
122,2025-03-17 04:00:00+00:00,198.77000427246,199.0,194.32000732422,195.74000549316,47341800,0,0,-1.1164392468557938,
123,2025-03-18 04:00:00+00:00,192.52000427246,194.0,189.38000488281,192.82000732422,40414900,0,0,-1.4917738259908386,
124,2025-03-19 04:00:00+00:00,193.38000488281,195.9700012207,191.96000671387,195.53999328613,39442900,0,0,1.4106347155855348,
125,2025-03-20 04:00:00+00:00,193.07000732422,199.32000732422,192.30000305176,194.94999694824,38921100,0,0,-0.30172668412986603,
126,2025-03-21 04:00:00+00:00,192.89999389648,196.99000549316,192.52000427246,196.21000671387,60056900,0,0,0.6463245885377056,
127,2025-03-24 04:00:00+00:00,200.0,203.63999938965,199.94999694824,203.25999450684,41625400,0,0,3.5930826928979753,
128,2025-03-25 04:00:00+00:00,203.60000610352,206.21000671387,203.2200012207,205.71000671387,31171200,0,0,1.2053587883706918,
129,2025-03-26 04:00:00+00:00,205.83999633789,206.00999450684,199.92999267578,201.13000488281,32855300,0,0,-2.226436090408812,
130,2025-03-27 04:00:00+00:00,200.88999938965,203.78999328613,199.2799987793,201.36000061035,27317700,0,0,0.11435177345817671,
131,2025-03-28 04:00:00+00:00,198.41999816895,199.25999450684,191.88000488281,192.7200012207,52548200,0,0,-4.290822091508229,
132,2025-03-31 04:00:00+00:00,188.19000244141,191.33000183105,184.39999389648,190.25999450684,63547600,0,0,-1.276466738417481,
133,2025-04-01 04:00:00+00:00,187.86000061035,193.92999267578,187.19999694824,192.16999816895,41267300,0,0,1.0038913682620443,
134,2025-04-02 04:00:00+00:00,187.66000366211,198.33999633789,187.66000366211,196.00999450684,53679200,0,0,1.9982288465830056,
135,2025-04-03 04:00:00+00:00,183.0,184.13000488281,176.91999816895,178.41000366211,95553600,0,0,-8.97912929848882,
136,2025-04-04 04:00:00+00:00,167.14999389648,178.13999938965,166.0,171.0,123159400,0,0,-4.153356599971703,
137,2025-04-07 04:00:00+00:00,162.0,183.41000366211,161.38000488281,175.25999450684,109327100,0,0,2.4912248578011775,
138,2025-04-08 04:00:00+00:00,185.22999572754,185.89999389648,168.57000732422,170.66000366211,87710400,0,0,-2.6246667744534657,
139,2025-04-09 04:00:00+00:00,172.11999511719,192.64999389648,169.92999267578,191.10000610352,116804300,0,0,11.977031526308402,
140,2025-04-10 04:00:00+00:00,185.44000244141,186.86999511719,175.85000610352,181.2200012207,68302000,0,0,-5.170070417197136,
141,2025-04-11 04:00:00+00:00,179.92999267578,185.86000061035,178.0,184.86999511719,50594300,0,0,2.0141230945279753,
142,2025-04-14 04:00:00+00:00,186.83999633789,187.44000244141,179.22999572754,182.11999511719,48002500,0,0,-1.487531818376886,
143,2025-04-15 04:00:00+00:00,181.41000366211,182.35000610352,177.92999267578,179.58999633789,43642000,0,0,-1.3891933050360628,
144,2025-04-16 04:00:00+00:00,176.28999328613,179.10000610352,171.41000366211,174.33000183105,51875300,0,0,-2.9288905919590214,
145,2025-04-17 04:00:00+00:00,176.0,176.21000671387,172.0,172.61000061035,44726500,0,0,-0.9866352335422546,
146,2025-04-21 04:00:00+00:00,169.60000610352,169.60000610352,165.28999328613,167.32000732422,48126100,0,0,-3.0647084568823035,
147,2025-04-22 04:00:00+00:00,169.85000610352,176.7799987793,169.35000610352,173.17999267578,56607200,0,0,3.502262189246119,
148,2025-04-23 04:00:00+00:00,183.44999694824,187.38000488281,180.19000244141,180.60000610352,63470100,0,0,4.284567352783886,
149,2025-04-24 04:00:00+00:00,180.91999816895,186.74000549316,180.17999267578,186.53999328613,43763200,0,0,3.289029336579974,
150,2025-04-25 04:00:00+00:00,187.61999511719,189.94000244141,185.49000549316,188.99000549316,36414300,0,0,1.3133978209551866,
151,2025-04-28 04:00:00+00:00,190.11000061035,190.2200012207,184.88999938965,187.69999694824,33224700,0,0,-0.6825802991823782,
152,2025-04-29 04:00:00+00:00,183.99000549316,188.02000427246,183.67999267578,187.38999938965,41667300,0,0,-0.16515586767722468,
153,2025-04-30 04:00:00+00:00,182.16999816895,185.05000305176,178.85000610352,184.41999816895,55176500,0,0,-1.584930482082092,
154,2025-05-01 04:00:00+00:00,190.63000488281,191.80999755859,187.5,190.19999694824,74266000,0,0,3.1341496782766765,
155,2025-05-02 04:00:00+00:00,191.44000244141,192.88000488281,186.39999389648,189.97999572754,77903500,0,0,-0.11566836184537799,
156,2025-05-05 04:00:00+00:00,186.50999450684,188.17999267578,185.5299987793,186.35000610352,35217500,0,0,-1.9107220263474223,
157,2025-05-06 04:00:00+00:00,184.57000732422,187.92999267578,183.85000610352,185.00999450684,29314100,0,0,-0.7190832051465645,
158,2025-05-07 04:00:00+00:00,185.55999755859,190.99000549316,185.00999450684,188.71000671387,43948600,0,0,1.9998985551525017,
159,2025-05-08 04:00:00+00:00,191.42999267578,194.33000183105,188.82000732422,192.08000183105,41043600,0,0,1.7858062621394222,
160,2025-05-09 04:00:00+00:00,193.38000488281,194.69000244141,191.16000366211,193.05999755859,29663100,0,0,0.510201852456249,
161,2025-05-12 04:00:00+00:00,210.71000671387,211.66000366211,205.75,208.63999938965,75205000,0,0,8.070031092967245,
162,2025-05-13 04:00:00+00:00,211.08000183105,214.83999633789,210.10000610352,211.36999511719,56193700,0,0,1.308471882441653,
163,2025-05-14 04:00:00+00:00,211.44999694824,211.92999267578,208.85000610352,210.25,38492100,0,0,-0.5298742220101071,
164,2025-05-15 04:00:00+00:00,206.44999694824,206.88000488281,202.66999816895,205.16999816895,64347300,0,0,-2.4161720956242583,
165,2025-05-16 04:00:00+00:00,206.85000610352,206.85000610352,204.36999511719,205.58999633789,43318500,0,0,0.20470740005278376,
166,2025-05-19 04:00:00+00:00,201.64999389648,206.61999511719,201.25999450684,206.16000366211,34314800,0,0,0.27725440652432987,
167,2025-05-20 04:00:00+00:00,204.63000488281,205.58999633789,202.64999389648,204.07000732422,29470400,0,0,-1.0137739138360913,
168,2025-05-21 04:00:00+00:00,201.61000061035,203.46000671387,200.05999755859,201.11999511719,42460900,0,0,-1.4455883280991455,
169,2025-05-22 04:00:00+00:00,201.38000488281,205.75999450684,200.16000366211,203.10000610352,38938900,0,0,0.9844923599845234,
170,2025-05-23 04:00:00+00:00,198.89999389648,202.36999511719,197.85000610352,200.99000549316,33393500,0,0,-1.0388973643282617,
171,2025-05-27 04:00:00+00:00,203.08999633789,206.69000244141,202.19000244141,206.02000427246,34892000,0,0,2.5026113945109563,
172,2025-05-28 04:00:00+00:00,205.91999816895,207.66000366211,204.41000366211,204.7200012207,28549800,0,0,-0.6310081665859779,
173,2025-05-29 04:00:00+00:00,208.0299987793,208.80999755859,204.22999572754,205.69999694824,34650000,0,0,0.4787005283785284,
174,2025-05-30 04:00:00+00:00,204.83999633789,205.99000549316,201.69999694824,205.00999450684,51679400,0,0,-0.3354411529590928,
175,2025-06-02 04:00:00+00:00,204.97999572754,207.0,202.67999267578,206.64999389648,29113300,0,0,0.7999607012258547,
176,2025-06-03 04:00:00+00:00,207.11000061035,208.94999694824,205.0299987793,205.71000671387,33139100,0,0,-0.454869204148578,
177,2025-06-04 04:00:00+00:00,206.55000305176,208.17999267578,205.17999267578,207.22999572754,29915600,0,0,0.7388989179239136,
178,2025-06-05 04:00:00+00:00,209.55000305176,212.80999755859,207.55999755859,207.91000366211,51864200,0,0,0.3281416535201087,
179,2025-06-06 04:00:00+00:00,212.39999389648,213.86999511719,210.5,213.57000732422,39832500,0,0,2.722333491614237,
180,2025-06-09 04:00:00+00:00,214.75,217.85000610352,212.88000488281,216.97999572754,38102500,0,0,1.5966607137599231,
181,2025-06-10 04:00:00+00:00,216.7799987793,217.69000244141,214.14999389648,217.61000061035,31303300,0,0,0.2903515970205328,
182,2025-06-11 04:00:00+00:00,217.41000366211,218.39999389648,212.88999938965,213.19999694824,39326000,0,0,-2.026562956546518,
183,2025-06-12 04:00:00+00:00,211.7799987793,213.58000183105,211.33000183105,213.24000549316,27640000,0,0,0.018765734283632263,
184,2025-06-13 04:00:00+00:00,209.96000671387,214.05000305176,209.61999511719,212.10000610352,29337800,0,0,-0.5346085913867427,
185,2025-06-16 04:00:00+00:00,212.30999755859,217.05999755859,211.60000610352,216.10000610352,33284200,0,0,1.8859028217319773,
186,2025-06-17 04:00:00+00:00,215.19999694824,217.41000366211,214.55999755859,214.82000732422,32086300,0,0,-0.5923177895177045,
187,2025-06-18 04:00:00+00:00,215.08999633789,217.96000671387,212.33999633789,212.52000427246,44360500,0,0,-1.0706651956717828,
188,2025-06-20 04:00:00+00:00,214.67999267578,214.88999938965,208.27000427246,209.69000244141,75350700,0,0,-1.3316402099361024,
189,2025-06-23 04:00:00+00:00,209.78999328613,210.38999938965,207.30999755859,208.4700012207,37311700,0,0,-0.5818118205472844,
190,2025-06-24 04:00:00+00:00,212.13999938965,214.33999633789,211.05000305176,212.77000427246,38378800,0,0,2.062648355437835,
191,2025-06-25 04:00:00+00:00,214.61999511719,216.0299987793,211.11000061035,211.99000549316,31755700,0,0,-0.36659245365300297,
192,2025-06-26 04:00:00+00:00,213.11999511719,218.03999328613,212.00999450684,217.11999511719,50480800,0,0,2.4199205109202815,
193,2025-06-27 04:00:00+00:00,219.91999816895,223.30000305176,216.74000549316,223.30000305176,119217100,0,0,2.84635596607965,
194,2025-06-30 04:00:00+00:00,223.52000427246,223.82000732422,219.11999511719,219.38999938965,58887800,0,0,-1.7510092291416979,
195,2025-07-01 04:00:00+00:00,219.5,221.88000488281,217.92999267578,220.46000671387,39256800,0,0,0.4877192794552121,
196,2025-07-02 04:00:00+00:00,219.72999572754,221.60000610352,219.05999755859,219.91999816895,30894200,0,0,-0.24494626166861044,
197,2025-07-03 04:00:00+00:00,221.82000732422,224.00999450684,221.36000061035,223.41000366211,29632400,0,0,1.5869432167232356,
198,2025-07-07 04:00:00+00:00,223.0,224.28999328613,222.36999511719,223.4700012207,36604100,0,0,0.026855359028932213,
199,2025-07-08 04:00:00+00:00,223.91999816895,224.0,218.42999267578,219.36000061035,45692000,0,0,-1.8391733064389904,
200,2025-07-09 04:00:00+00:00,221.07000732422,224.28999328613,220.4700012207,222.53999328613,38155100,0,0,1.4496684294912132,
201,2025-07-10 04:00:00+00:00,221.55000305176,222.78999328613,219.69999694824,222.25999450684,30370600,0,0,-0.12581953255026423,
202,2025-07-11 04:00:00+00:00,223.58000183105,226.67999267578,222.36999511719,225.02000427246,50518300,0,0,1.2417933203606957,
203,2025-07-14 04:00:00+00:00,225.07000732422,226.66000366211,224.24000549316,225.69000244141,35702600,0,0,0.2977504916135132,
204,2025-07-15 04:00:00+00:00,226.19999694824,227.27000427246,225.46000671387,226.35000610352,34907300,0,0,0.2924381474457727,
205,2025-07-16 04:00:00+00:00,225.88000488281,226.10000610352,222.17999267578,223.19000244141,39535900,0,0,-1.3960696164791786,
206,2025-07-17 04:00:00+00:00,223.32000732422,224.5,222.50999450684,223.88000488281,31855800,0,0,0.3091547264000516,
207,2025-07-18 04:00:00+00:00,225.13999938965,226.39999389648,222.97999572754,226.13000488281,37833800,0,0,1.0050026580880944,
208,2025-07-21 04:00:00+00:00,225.83999633789,229.69000244141,225.64999389648,229.30000305176,40297600,0,0,1.4018476542256408,
209,2025-07-22 04:00:00+00:00,229.67999267578,230.0,226.35000610352,227.4700012207,37483700,0,0,-0.798081904363046,
210,2025-07-23 04:00:00+00:00,228.4700012207,228.78999328613,227.08999633789,228.28999328613,28294900,0,0,0.36048360708207383,
211,2025-07-24 04:00:00+00:00,229.16999816895,236.0,228.63999938965,232.22999572754,42902300,0,0,1.7258761037641124,
212,2025-07-25 04:00:00+00:00,232.2200012207,232.47999572754,231.17999267578,231.44000244141,28712100,0,0,-0.34017710918655686,
213,2025-07-28 04:00:00+00:00,233.35000610352,234.28999328613,232.25,232.78999328613,26300100,0,0,0.5833005662285062,
214,2025-07-29 04:00:00+00:00,234.14999389648,234.7200012207,230.30999755859,231.00999450684,33716200,0,0,-0.764637153927028,
215,2025-07-30 04:00:00+00:00,231.63999938965,231.80000305176,229.28999328613,230.19000244141,32993300,0,0,-0.35495956232565185,
216,2025-07-31 04:00:00+00:00,235.77000427246,236.5299987793,231.39999389648,234.11000061035,104357300,0,0,1.7029402351814715,
217,2025-08-01 04:00:00+00:00,217.21000671387,220.44000244141,212.80000305176,214.75,122258800,0,0,-8.269617085932424,
218,2025-08-04 04:00:00+00:00,217.39999389648,217.44000244141,211.41999816895,211.64999389648,77890100,0,0,-1.4435418409871947,
219,2025-08-05 04:00:00+00:00,213.05000305176,216.30000305176,212.86999511719,213.75,51505100,0,0,0.9922070229527735,
220,2025-08-06 04:00:00+00:00,214.69999694824,222.64999389648,213.74000549316,222.30999755859,54823000,0,0,4.0046772203929715,
221,2025-08-07 04:00:00+00:00,221.0,226.2200012207,220.82000732422,223.13000488281,40603500,0,0,0.3688576011989131,
222,2025-08-08 04:00:00+00:00,223.13999938965,223.80000305176,221.88000488281,222.69000244141,32970500,0,0,-0.19719555047340576,
223,2025-08-11 04:00:00+00:00,221.7799987793,223.05000305176,220.39999389648,221.30000305176,31646200,0,0,-0.6241858073604889,
224,2025-08-12 04:00:00+00:00,222.22999572754,223.5,219.05000305176,221.4700012207,37185800,0,0,0.07681796954166487,
225,2025-08-13 04:00:00+00:00,222.0,224.91999816895,222.0,224.55999755859,36508300,0,0,1.3952211680401616,
226,2025-08-14 04:00:00+00:00,227.39999389648,233.11000061035,227.02000427246,230.97999572754,61545800,0,0,2.8589233339633147,
227,2025-08-15 04:00:00+00:00,232.58000183105,234.08000183105,229.80999755859,231.0299987793,39649200,0,0,0.02164821745818113,
228,2025-08-18 04:00:00+00:00,230.22999572754,231.91000366211,228.33000183105,231.49000549316,25248900,0,0,0.19911124801563762,
229,2025-08-19 04:00:00+00:00,230.08999633789,230.5299987793,227.11999511719,228.00999450684,29891000,0,0,-1.5033093886305249,
230,2025-08-20 04:00:00+00:00,227.11999511719,227.27000427246,220.91999816895,223.80999755859,36604300,0,0,-1.8420231785602703,
231,2025-08-21 04:00:00+00:00,222.64999389648,222.7799987793,220.5,221.94999694824,32140500,0,0,-0.8310623433446351,
232,2025-08-22 04:00:00+00:00,222.78999328613,229.13999938965,220.82000732422,228.83999633789,37315300,0,0,3.1043025385834033,
233,2025-08-25 04:00:00+00:00,227.35000610352,229.60000610352,227.30999755859,227.94000244141,22633700,0,0,-0.3932852258707098,
234,2025-08-26 04:00:00+00:00,227.11000061035,229.0,226.02000427246,228.71000671387,26105400,0,0,0.33781006590010154,
235,2025-08-27 04:00:00+00:00,228.57000732422,229.86999511719,227.80999755859,229.11999511719,21254500,0,0,0.17926124405782673,
236,2025-08-28 04:00:00+00:00,229.00999450684,232.71000671387,228.02000427246,231.60000610352,33679600,0,0,1.0824070527155616,
237,2025-08-29 04:00:00+00:00,231.32000732422,231.80999755859,228.16000366211,229.0,26199200,0,0,-1.1226278216753816,
238,2025-09-02 04:00:00+00:00,223.52000427246,226.16999816895,221.83000183105,225.33999633789,38843900,0,0,-1.5982548742838443,
239,2025-09-03 04:00:00+00:00,225.21000671387,227.16999816895,224.36000061035,225.99000549316,29223100,0,0,0.28845707190627845,
240,2025-09-05 04:00:00+00:00,235.19000244141,236.0,231.92999267578,232.33000183105,36694400,0,0,2.805432180088996,
