Source,Date,Open,High,Low,Close,Volume,Dividends,Stock Splits,Daily_Return,Close_Smoothed
GOOGL_2022,2024-08-21 04:00:00+00:00,164.35383848738525,166.04565527229005,163.87615672417527,165.05047607421875,22902000,0.0,0.0,-0.7955525436761479,165.7636922200521
GOOGL_2022,2024-08-22 04:00:00+00:00,166.45365676465755,166.78206770165446,162.52270221582623,163.01034545898438,22493300,0.0,0.0,-1.2360646656462748,164.81163024902344
GOOGL_2022,2024-08-23 04:00:00+00:00,163.92592374785485,165.37887691786474,163.0402148418206,164.8215789794922,13955700,0.0,0.0,1.1111156874172412,164.29413350423178
GOOGL_2022,2024-08-26 04:00:00+00:00,165.57793418764655,166.74229212809584,163.6671917839428,165.35899353027344,14190400,0.0,0.0,0.3260583681510054,164.39697265625
GOOGL_2022,2024-08-27 04:00:00+00:00,165.0405199503333,165.63763356275666,163.66718293812755,163.8861083984375,11821900,0.0,0.0,-0.8907197004475509,164.68889363606772
GOOGL_2022,2024-08-28 04:00:00+00:00,164.24438659777263,164.8016997668205,160.751312687273,162.06495666503906,16407400,0.0,0.0,-1.1112300799594799,163.77001953125
GOOGL_2022,2024-08-29 04:00:00+00:00,163.51789374193322,165.1698948767712,159.4774685746095,161.00009155273438,19699800,0.0,0.0,-0.6570606837020154,162.31705220540366
GOOGL_2022,2024-08-30 04:00:00+00:00,161.83606120124992,162.87105623002552,160.910551693726,162.5924072265625,22123800,0.0,0.0,0.9890153840729887,161.8858184814453
GOOGL_2022,2024-09-03 04:00:00+00:00,160.94039211947089,161.06977028333037,155.7256472987168,156.60140991210938,38945300,0.0,0.0,-3.6846722529330855,160.06463623046875
GOOGL_2022,2024-09-04 04:00:00+00:00,155.9047798396124,158.23349556383252,155.2081574244905,155.69578552246094,19353800,0.0,0.0,-0.5782990013670442,158.2965342203776
GOOGL_2022,2024-09-05 04:00:00+00:00,155.54650851343123,158.68131684913237,155.2280438876534,156.4819793701172,18688700,0.0,0.0,0.5049551245193129,156.25972493489584
GOOGL_2022,2024-09-06 04:00:00+00:00,156.5417079408381,157.06915175843542,149.82424762233464,150.1924591064453,37912100,0.0,0.0,-4.019325604768619,154.12340799967447
GOOGL_2022,2024-09-09 04:00:00+00:00,151.97618615473306,152.86307041013015,146.70470865576445,148.1894989013672,39260500,0.2,0.0,-1.3335957191156766,151.6213124593099
GOOGL_2022,2024-09-10 04:00:00+00:00,149.9234070877786,150.7405443053094,147.82079168812507,148.13967895507812,31118800,0.0,0.0,-0.03361908006870307,148.84054565429688
GOOGL_2022,2024-09-11 04:00:00+00:00,149.39525512685503,150.96972670859367,147.00366157798018,150.63092041015625,29607700,0.0,0.0,1.6816841191032772,148.98669942220053
GOOGL_2022,2024-09-12 04:00:00+00:00,153.26167533883327,154.27810941261885,152.11569142274135,154.1485595703125,29621500,0.0,0.0,2.3352703087639703,150.97305297851562
GOOGL_2022,2024-09-13 04:00:00+00:00,154.88596580869884,157.82565255748864,154.66674982863708,156.90887451171875,29591200,0.0,0.0,1.7906848750975035,153.8961181640625
GOOGL_2022,2024-09-16 04:00:00+00:00,156.75938477605305,157.69609704284937,156.05187841649794,157.5067596435547,18379800,0.0,0.0,0.3810397172858915,156.1880645751953
GOOGL_2022,2024-09-17 04:00:00+00:00,158.46340663018495,159.98805014794013,157.82564734959053,158.76235961914062,20715600,0.0,0.0,0.797172120375933,157.7259979248047
GOOGL_2022,2024-09-18 04:00:00+00:00,159.3004536398648,159.9382128836467,158.04486940518223,159.25062561035156,23677300,0.0,0.0,0.3075451841244137,158.50658162434897
GOOGL_2022,2024-09-19 04:00:00+00:00,163.13699125474798,163.21669785914025,160.7752763557002,161.57247924804688,26587700,0.0,0.0,1.457987137442296,159.86182149251303
GOOGL_2022,2024-09-20 04:00:00+00:00,162.9277289392049,163.15691965207134,161.49276669183348,163.0174102783203,40896400,0.0,0.0,0.8942927885974727,161.2801717122396
GOOGL_2022,2024-09-23 04:00:00+00:00,163.77475794889105,164.91076718021387,161.10413041931915,161.28350830078125,24150900,0.0,0.0,-1.0636299365685886,161.95779927571616
GOOGL_2022,2024-09-24 04:00:00+00:00,162.45936971037105,162.6487071151764,160.1275637051896,161.72195434570312,23332100,0.0,0.0,0.27184803303275107,162.00762430826822
GOOGL_2022,2024-09-25 04:00:00+00:00,160.90482465753527,162.24013074634445,160.73542151540698,160.9247589111328,18869200,0.0,0.0,-0.49294199899798663,161.31007385253906
GOOGL_2022,2024-09-26 04:00:00+00:00,163.06723415838286,163.5056965233955,161.71199375988056,162.16041564941406,20319300,0.0,0.0,0.7678475000628238,161.60237630208334
GOOGL_2022,2024-09-27 04:00:00+00:00,162.24013520895764,165.1200191151141,162.06077253778713,163.3761444091797,21101300,0.0,0.0,0.7497074763264111,162.15377298990884
GOOGL_2022,2024-09-30 04:00:00+00:00,162.74835741182983,165.56843851321895,162.6885546502899,165.26950073242188,20413900,0.0,0.0,1.158893992809773,163.60202026367188
GOOGL_2022,2024-10-01 04:00:00+00:00,167.10304911832094,168.56790499887933,164.00393422069206,166.40550231933594,28338100,0.0,0.0,0.6873631141134151,165.01704915364584
GOOGL_2022,2024-10-02 04:00:00+00:00,165.83750220141695,166.93365811188724,164.1534150323221,165.2794647216797,17760200,0.0,0.0,-0.6766829112990203,165.6514892578125
GOOGL_2022,2024-10-03 04:00:00+00:00,163.83454298906406,166.05673338351102,163.3462525916035,165.2794647216797,15073100,0.0,0.0,0.0,165.6548105875651
GOOGL_2022,2024-10-04 04:00:00+00:00,167.47176537085613,167.64116852375787,164.90079388696014,166.4752655029297,19047400,0.0,0.0,0.7235023318012734,165.67806498209634
GOOGL_2022,2024-10-07 04:00:00+00:00,167.13294509267786,167.89027945505126,162.18033994669256,162.40953063964844,22463100,0.0,0.0,-2.442245609879923,164.72142028808594
GOOGL_2022,2024-10-08 04:00:00+00:00,163.3661793794842,164.15340752983812,162.29991729663377,163.8046417236328,23072700,0.0,0.0,0.8590081373240466,164.2298126220703
GOOGL_2022,2024-10-09 04:00:00+00:00,162.87788805212205,164.263022155559,159.18088233675397,161.29345703125,31181800,0.0,0.0,-1.5330363449771012,162.5025431315104
GOOGL_2022,2024-10-10 04:00:00+00:00,160.3069086751828,162.49922027250668,159.83855257987992,161.51268005371094,14144100,0.0,0.0,0.1359156325965838,162.2035929361979
GOOGL_2022,2024-10-11 04:00:00+00:00,161.56252470079164,163.32631847818766,160.6756404471478,162.66864013671875,15344300,0.0,0.0,0.7157085639489136,161.8249257405599
GOOGL_2022,2024-10-14 04:00:00+00:00,163.0672270976598,165.64815793723565,162.82806167108657,164.3826141357422,19016100,0.0,0.0,1.0536597573957085,162.85464477539062
GOOGL_2022,2024-10-15 04:00:00+00:00,165.20970620906303,167.0930903489021,164.05377791978614,164.88087463378906,20247200,0.0,0.0,0.30311021677476013,163.97737630208334
GOOGL_2022,2024-10-16 04:00:00+00:00,163.95410944544955,165.21966843790153,163.16688130069323,164.5819091796875,16406000,0.0,0.0,-0.18132209376350295,164.6151326497396
GOOGL_2022,2024-10-17 04:00:00+00:00,165.1499132702941,165.7876725559894,162.19030754618507,162.35971069335938,21453400,0.0,0.0,-1.350208232122263,163.94083150227866
GOOGL_2022,2024-10-18 04:00:00+00:00,162.61880125185925,164.13348517236508,162.50918566803227,162.84799194335938,19757700,0.0,0.0,0.30074040407856995,163.2632039388021
GOOGL_2022,2024-10-21 04:00:00+00:00,162.37965259131107,163.9242304481603,162.05080580588782,163.49574279785156,20946500,0.0,0.0,0.3977641030523005,162.9011484781901
GOOGL_2022,2024-10-22 04:00:00+00:00,162.4095379206084,165.18978095934807,162.4095379206084,164.56198120117188,16568100,0.0,0.0,0.6521505606654321,163.63523864746094
GOOGL_2022,2024-10-23 04:00:00+00:00,164.18330093451087,165.2396034909156,161.3632046868505,162.21023559570312,18280500,0.0,0.0,-1.4290941250845846,163.4226531982422
GOOGL_2022,2024-10-24 04:00:00+00:00,162.26006724839118,162.75831715757175,160.44643028039124,162.15045166015625,22412500,0.0,0.0,-0.03685583423717054,162.9742228190104
GOOGL_2022,2024-10-25 04:00:00+00:00,163.09713764873345,165.01041564194605,162.8480126724498,164.69154357910156,19828900,0.0,0.0,1.5671198525373686,163.0174102783203
GOOGL_2022,2024-10-28 04:00:00+00:00,168.1593374233331,168.1593374233331,163.37613545110457,166.13644409179688,32138600,0.0,0.0,0.8773374037880144,164.3261464436849
GOOGL_2022,2024-10-29 04:00:00+00:00,167.14290330541456,169.78363683716654,166.50514405647678,169.08607482910156,42169000,0.0,0.0,1.7754266701861532,166.63802083333334
GOOGL_2022,2024-10-30 04:00:00+00:00,180.04756432112097,181.38288551840023,173.45074095946555,173.84934997558594,68890800,0.0,0.0,2.8170712173067436,169.69062296549478
GOOGL_2022,2024-10-31 04:00:00+00:00,172.5240116929841,176.20109831225162,170.40146229689762,170.51107788085938,44769000,0.0,0.0,-1.9202097075400992,171.14883422851562
GOOGL_2022,2024-11-01 04:00:00+00:00,169.4747443229776,171.7168690851631,168.28890701589395,170.69046020507812,31796500,0.0,0.0,0.10520273899394805,171.68362935384116
GOOGL_2022,2024-11-04 05:00:00+00:00,169.33520086207452,170.13240372971748,167.42192310295937,168.6476287841797,21492700,0.0,0.0,-1.1968046828417123,169.94972229003906
GOOGL_2022,2024-11-05 05:00:00+00:00,168.83694632662065,169.93310214015253,168.2490151199897,169.1458740234375,18242100,0.0,0.0,0.295435662422161,169.4946543375651
GOOGL_2022,2024-11-06 05:00:00+00:00,173.19167534337777,176.32068423475533,172.8927223501112,175.89218139648438,33695500,0.0,0.0,3.988455179292205,171.2285614013672
GOOGL_2022,2024-11-07 05:00:00+00:00,176.78903438230748,180.44618684879632,176.56980320837033,180.11734008789062,25352900,0.0,0.0,2.402129905866701,175.05179850260416
GOOGL_2022,2024-11-08 05:00:00+00:00,180.01769126784052,180.2668162295759,177.4566945679988,177.7257537841797,22006200,0.0,0.0,-1.3277934831504412,177.91175842285156
GOOGL_2022,2024-11-11 05:00:00+00:00,177.95494104754144,179.91804692445518,177.84532545828398,179.71875,17450400,0.0,0.0,1.1213885288906988,179.1872812906901
GOOGL_2022,2024-11-12 05:00:00+00:00,179.19061113228446,181.8512639191168,178.76210828805725,180.9842987060547,25134900,0.0,0.0,0.704182900256467,179.47626749674478
GOOGL_2022,2024-11-13 05:00:00+00:00,179.82836251665194,180.32661242196693,177.91506949950764,178.25389099121094,23184000,0.0,0.0,-1.508643420652933,179.65231323242188
GOOGL_2022,2024-11-14 05:00:00+00:00,177.65598529451515,178.19410370809177,173.70985455339545,174.96543884277344,31007500,0.0,0.0,-1.844813670069978,178.06787618001303
GOOGL_2022,2024-11-15 05:00:00+00:00,173.1219110429033,173.5304796221041,170.6207019459313,171.88626098632812,32504600,0.0,0.0,-1.759877766038298,175.03519694010416
GOOGL_2022,2024-11-18 05:00:00+00:00,172.81299215078764,174.82592598867913,172.2948080013009,174.68641662597656,20135300,0.0,0.0,1.6290747285911067,173.84603881835938
GOOGL_2022,2024-11-19 05:00:00+00:00,173.11194329745103,178.2439110911755,172.95249968308408,177.4965362548828,23434900,0.0,0.0,1.6086652203319396,174.68973795572916
GOOGL_2022,2024-11-20 05:00:00+00:00,176.7192692543919,177.05807553397884,173.17173243194026,175.36402893066406,18997100,0.0,0.0,-1.2014360219156583,175.84899393717447
GOOGL_2022,2024-11-21 05:00:00+00:00,173.29131700765447,173.52052291993735,163.12702162713185,167.04327392578125,59734400,0.0,0.0,-4.744847079313342,173.30127970377603
GOOGL_2022,2024-11-22 05:00:00+00:00,165.26950018604143,165.87736568062007,163.32631338500155,164.1833038330078,38604600,0.0,0.0,-1.7121132899036384,168.86353556315103
GOOGL_2022,2024-11-25 05:00:00+00:00,165.50864937866604,168.03976740473334,165.03033372857172,167.0631866455078,33135300,0.0,0.0,1.7540655750411416,166.09658813476562
GOOGL_2022,2024-11-26 05:00:00+00:00,167.0432706454683,169.2256076965816,166.9934426131079,168.52804565429688,20486700,0.0,0.0,0.8768293232053193,166.59151204427084
GOOGL_2022,2024-11-27 05:00:00+00:00,168.40847408769383,168.88678975659008,167.4319084954612,168.63766479492188,19266500,0.0,0.0,0.06504504351154683,168.07629903157553
GOOGL_2022,2024-11-29 05:00:00+00:00,167.9102206974572,168.8369582371453,166.57491457977767,168.358642578125,14257200,0.0,0.0,-0.16545664169163032,168.50811767578125
GOOGL_2022,2024-12-02 05:00:00+00:00,168.17928960806435,171.4777017898288,167.9799926724261,170.8897705078125,23789100,0.0,0.0,1.5034143129972977,169.29535929361978
GOOGL_2022,2024-12-03 05:00:00+00:00,170.8897642516595,172.07558629717838,170.25200495773618,170.7402801513672,22248700,0.0,0.0,-0.08747765065227897,169.99623107910156
GOOGL_2022,2024-12-04 05:00:00+00:00,170.55094333710875,174.2977925065685,170.46126199985193,173.75967407226562,31615100,0.0,0.0,1.768413357540255,171.79657491048178
GOOGL_2022,2024-12-05 05:00:00+00:00,174.7462169331928,175.4437637976109,171.7268235586979,172.03573608398438,21356200,0.0,0.0,-0.9921392851855115,172.1785634358724
GOOGL_2022,2024-12-06 05:00:00+00:00,171.4278679786075,174.4671955621755,171.2584648287537,174.09849548339844,21462400,0.0,0.0,1.1990296006912482,173.29796854654947
GOOGL_2022,2024-12-09 05:00:00+00:00,173.5497879362236,175.84435207924628,173.2405061666339,174.95645141601562,25389600,0.2,0.0,0.4927991653431496,173.69689432779947
GOOGL_2022,2024-12-10 05:00:00+00:00,182.41883132056967,185.9205489826197,180.6230728184386,184.7333526611328,54813000,0.0,0.0,5.588191327606107,177.92943318684897
GOOGL_2022,2024-12-11 05:00:00+00:00,184.87300649613107,195.14872046831275,184.41409977559144,194.939208984375,67894100,0.0,0.0,5.524641964336241,184.87633768717447
GOOGL_2022,2024-12-12 05:00:00+00:00,194.540179555465,194.71974779887603,191.25794424971855,191.50735473632807,34817500,0.0,0.0,-1.7604740810875041,190.39330546061197
GOOGL_2022,2024-12-13 05:00:00+00:00,190.55957180826204,192.27551707580216,189.19280729112407,189.3723907470703,25143500,0.0,0.0,-1.1148208862250875,191.9396514892578
GOOGL_2022,2024-12-16 05:00:00+00:00,192.41518724155435,198.53073692361528,192.16577676803223,196.19625854492188,44934900,0.0,0.0,3.6034121821726606,192.3586680094401
GOOGL_2022,2024-12-17 05:00:00+00:00,196.7848538831557,200.94501854915788,194.52020263311584,194.95916748046875,43504000,0.0,0.0,-0.630537541147802,193.50927225748697
GOOGL_2022,2024-12-18 05:00:00+00:00,194.75965954890503,196.53546097337795,187.29730214590612,187.9557342529297,34166100,0.0,0.0,-3.5922564288959014,193.03705342610678
GOOGL_2022,2024-12-19 05:00:00+00:00,191.17811313755365,192.5748056424547,187.93577711571297,188.06546020507807,32265200,0.0,0.0,0.05837861376483122,190.32678731282547
GOOGL_2022,2024-12-20 05:00:00+00:00,185.3419048401402,192.43513912367908,184.78322783024907,190.9586334228516,63462900,0.0,0.0,1.538386269663028,188.99327596028647
GOOGL_2022,2024-12-23 05:00:00+00:00,192.1657659299832,194.63992864820244,189.70158937273823,194.1710357666016,25675000,0.0,0.0,1.6822503838496594,191.0650431315104
GOOGL_2022,2024-12-24 05:00:00+00:00,194.3805430221512,195.6475524902344,193.32304504989557,195.6475524902344,10403300,0.0,0.0,0.7604206867432239,193.59240722656253
GOOGL_2022,2024-12-26 05:00:00+00:00,194.68979716689705,196.28603018509784,193.9216239176986,195.1387481689453,12046600,0.0,0.0,-0.26006168480665615,194.98577880859375
GOOGL_2022,2024-12-27 05:00:00+00:00,194.49027324116943,194.85941107267635,190.20041029392212,192.3054351806641,18891400,0.0,0.0,-1.451947916478491,194.36391194661462
GOOGL_2022,2024-12-30 05:00:00+00:00,189.352440433381,192.0959557274761,188.67403600843565,190.7890472412109,14264700,0.0,0.0,-0.7885309835515497,192.7444101969401
GOOGL_2022,2024-12-31 05:00:00+00:00,190.6294084710406,191.50733817930225,188.06546158341584,188.8536071777344,17466900,0.0,0.0,-1.0144398179364855,190.64936319986978
GOOGL_2022,2025-01-02 05:00:00+00:00,190.20041592197336,191.5472385320244,187.05785012893008,188.98329162597656,20370800,0.0,0.0,0.06866929903017738,189.54198201497397
GOOGL_2022,2025-01-03 05:00:00+00:00,190.91871503010495,192.75438759446627,189.5319934742947,191.3377227783203,18596200,0.0,0.0,1.245840905874096,189.7248738606771
GOOGL_2022,2025-01-06 05:00:00+00:00,193.52257715244397,197.75258441221385,193.39289405316484,196.40576171875,29563600,0.0,0.0,2.6487400742724487,192.24225870768228
GOOGL_2022,2025-01-07 05:00:00+00:00,196.6451972376325,200.52602365365917,194.1411215269442,195.02902221679688,26487200,0.0,0.0,-0.700966962427807,194.25750223795572
GOOGL_2022,2025-01-08 05:00:00+00:00,192.1159097803505,195.82712367795403,191.9263553819348,193.49264526367188,24864800,0.0,0.0,-0.7877683719385797,194.9758097330729
GOOGL_2022,2025-01-10 05:00:00+00:00,193.841807932761,196.05657398255568,189.86121160590176,191.58712768554688,26665200,0.0,0.0,-0.9848010375424598,193.36959838867188
GOOGL_2022,2025-01-13 05:00:00+00:00,189.62179973101152,190.72916760562472,186.9181835340065,190.5595703125,21823700,0.0,0.0,-0.5363394636477947,191.8797810872396
GOOGL_2022,2025-01-14 05:00:00+00:00,190.78904460131216,191.5272898730932,187.86594588528064,189.2127685546875,17174900,0.0,0.0,-0.7067615421276763,190.45315551757812
GOOGL_2022,2025-01-15 05:00:00+00:00,192.63466153374213,195.8969546519061,191.40756631826648,195.0888671875,21776000,0.0,0.0,3.1055507922099546,191.62040201822916
GOOGL_2022,2025-01-16 05:00:00+00:00,193.68218859975207,195.01902502838223,192.3553231094348,192.45509338378903,17815400,0.0,0.0,-1.3500379809882501,192.2522430419922
GOOGL_2022,2025-01-17 05:00:00+00:00,196.06656026544184,196.76490654687785,193.29311701716207,195.53781127929688,27735100,0.0,0.0,1.6017855601048625,194.36059061686197
GOOGL_2022,2025-01-21 05:00:00+00:00,198.60057627447708,201.8129691217348,197.40339384073823,197.58297729492188,29971300,0.0,0.0,1.0459184350303463,195.19196065266928
GOOGL_2022,2025-01-22 05:00:00+00:00,198.590597036243,200.00724672789292,197.0642061251015,197.9022216796875,26200600,0.0,0.0,0.16157484269967437,197.0076700846354
GOOGL_2022,2025-01-23 05:00:00+00:00,197.6727641738203,199.82767431730463,194.73969457121223,197.5131378173828,26951400,0.0,0.0,-0.19660409014227165,197.6661122639974
GOOGL_2022,2025-01-24 05:00:00+00:00,197.63285957708695,200.42624462128623,197.5330893014484,199.7378845214844,23877500,0.0,0.0,1.1263790999860301,198.38441467285156
GOOGL_2022,2025-01-27 05:00:00+00:00,191.956287781501,196.4157484351776,190.2802414199516,191.35769653320312,41728900,0.0,0.0,-4.1955926430070285,196.2029062906901
GOOGL_2022,2025-01-28 05:00:00+00:00,192.2954724407757,195.01903051179215,190.23034644146827,194.83946228027344,24157900,0.0,0.0,1.8195065106598296,195.31168111165366
GOOGL_2022,2025-01-29 05:00:00+00:00,195.09884368413952,196.32593893457488,192.97386160771163,194.9492034912109,18218300,0.0,0.0,0.05632391387921931,193.7154541015625
GOOGL_2022,2025-01-30 05:00:00+00:00,197.53310428817028,200.9250807979349,197.20388062095304,200.39633178710935,24354700,0.0,0.0,2.7941269819776515,196.72833251953125
GOOGL_2022,2025-01-31 05:00:00+00:00,201.5236538524104,204.99544323065024,201.3241285268208,203.5388946533203,32001100,0.0,0.0,1.568173847388321,199.62814331054688
GOOGL_2022,2025-02-03 05:00:00+00:00,200.2167427524067,203.26952433872827,199.62813772190552,200.7554626464844,27838300,0.0,0.0,-1.3675184841584254,201.56356302897134
GOOGL_2022,2025-02-04 05:00:00+00:00,202.9103862906213,206.5617593135444,202.33175215943615,205.89334106445312,43856400,0.0,0.0,2.5592720368541766,203.3958994547526
GOOGL_2022,2025-02-05 05:00:00+00:00,190.619448537642,192.29547965256887,187.58660858281107,190.8788299560547,70373900,0.0,0.0,-7.292373337949898,199.1758778889974
GOOGL_2022,2025-02-06 05:00:00+00:00,189.0531392886888,191.64701430736628,188.274979827647,191.148193359375,29297400,0.0,0.0,0.14111748452267925,195.97345479329428
GOOGL_2022,2025-02-07 05:00:00+00:00,190.59948056645624,190.7291636568626,182.807900068601,184.90293884277344,49315000,0.0,0.0,-3.2672317780476967,188.97665405273438
GOOGL_2022,2025-02-10 05:00:00+00:00,186.90821845084508,187.7562049430344,185.4217265205732,186.03028869628903,23105600,0.0,0.0,0.6096981803378476,187.3604736328125
GOOGL_2022,2025-02-11 05:00:00+00:00,184.59368617808016,186.49918592908517,183.8454547261701,184.8830108642578,21239500,0.0,0.0,-0.6167156112434236,185.27207946777344
GOOGL_2022,2025-02-12 05:00:00+00:00,182.7879375067085,184.67347995852103,181.40121597043165,183.1770172119141,22072600,0.0,0.0,-0.9227422489329062,184.69677225748697
GOOGL_2022,2025-02-13 05:00:00+00:00,183.8853646978078,185.84073432237412,182.70813932469304,185.70106506347656,21402500,0.0,0.0,1.3779282412063942,184.58703104654947
GOOGL_2022,2025-02-14 05:00:00+00:00,184.62360034222,185.96043678235037,183.88535510775145,184.79319763183597,20448400,0.0,0.0,-0.48888649687079955,184.55709330240884
GOOGL_2022,2025-02-18 05:00:00+00:00,185.16234115126528,185.52149284111707,181.31144284116837,183.33665466308597,29916700,0.0,0.0,-0.7882016153277882,184.6103057861328
GOOGL_2022,2025-02-19 05:00:00+00:00,183.63594741741645,185.02266901610756,183.1570683565281,184.83311462402344,19549400,0.0,0.0,0.8162361005700003,184.32098897298178
GOOGL_2022,2025-02-20 05:00:00+00:00,184.36422591283684,184.8730178009315,182.2891289369332,184.12478637695312,20441500,0.0,0.0,-0.3832258351059825,184.09818522135416
GOOGL_2022,2025-02-21 05:00:00+00:00,184.713387549238,184.90294194163184,178.65770926804197,179.23634338378906,35199200,0.0,0.0,-2.654961936062261,182.73141479492188
GOOGL_2022,2025-02-24 05:00:00+00:00,181.56086065766053,182.68818568914216,178.46816457980125,178.8273162841797,29854200,0.0,0.0,-0.22820544756012584,180.72948201497397
GOOGL_2022,2025-02-25 05:00:00+00:00,177.620149186563,178.3185106633885,174.27805810561316,175.00633239746094,41913400,0.0,0.0,-2.136689162547578,177.68999735514322
GOOGL_2022,2025-02-26 05:00:00+00:00,174.6571711800562,175.66478399830825,171.1753955398117,172.3226776123047,35431300,0.0,0.0,-1.5334615315869438,175.38544209798178
GOOGL_2022,2025-02-27 05:00:00+00:00,173.5797206760448,174.14836864650957,167.54398410119538,168.1026611328125,39991000,0.0,0.0,-2.4489037298889182,171.81055704752603
GOOGL_2022,2025-02-28 05:00:00+00:00,168.28223059503162,170.20768740317763,166.37674611034126,169.8784637451172,48130600,0.0,0.0,1.0563798338098174,170.10126749674478
GOOGL_2022,2025-03-03 05:00:00+00:00,171.52456139173032,172.96116813684316,165.53871010229818,166.6161651611328,40770500,0.0,0.0,-1.9203720778162126,168.1990966796875
GOOGL_2022,2025-03-04 05:00:00+00:00,165.84799570787212,172.88135895735127,165.40903083418053,170.51695251464844,45388000,0.0,0.0,2.341181811346593,169.0038604736328
GOOGL_2022,2025-03-05 05:00:00+00:00,170.11790989089675,173.37021717369865,168.66134594316833,172.6120147705078,30954900,0.0,0.0,1.2286533537944733,169.91504414876303
GOOGL_2022,2025-03-06 05:00:00+00:00,170.12787268446783,174.39777881609385,170.0979446451701,171.94358825683594,28302000,0.0,0.0,-0.38724217115509996,171.69085184733072
GOOGL_2022,2025-03-07 05:00:00+00:00,170.85613731453174,174.55739526661597,169.86848162814977,173.45001220703125,27385800,0.0,0.0,0.8761152221303803,172.66853841145834
GOOGL_2022,2025-03-10 04:00:00+00:00,168.05654311824674,168.25631348073628,163.49207685373173,165.66943359375,43604000,0.2,0.0,-4.485775765754507,170.3543446858724
GOOGL_2022,2025-03-11 04:00:00+00:00,164.71060268982163,166.5483741956788,161.17487454711969,163.84164428710938,39587400,0.0,0.0,-1.1032749174012868,167.65369669596353
GOOGL_2022,2025-03-12 04:00:00+00:00,166.37858578107983,167.43730167009207,163.33227056435828,166.90794372558594,28372400,0.0,0.0,1.8715018711014109,165.47300720214844
GOOGL_2022,2025-03-13 04:00:00+00:00,165.8392348472833,165.92913761122173,161.91399391340872,162.56320190429688,31756200,0.0,0.0,-2.6030767166074886,164.4375966389974
GOOGL_2022,2025-03-14 04:00:00+00:00,163.07258484755664,166.28869257421587,162.25356904272374,165.28990173339844,31995900,0.0,0.0,1.6773167587501137,164.92034912109375
GOOGL_2022,2025-03-17 04:00:00+00:00,164.83044981365524,166.0989184378049,163.47209367229158,164.09133911132812,31184300,0.0,0.0,-0.7251275543762592,163.98148091634116
GOOGL_2022,2025-03-18 04:00:00+00:00,163.48207822407835,164.05139632119491,156.5305024761992,160.47572326660156,42074800,0.0,0.0,-2.2034166241239217,163.28565470377603
GOOGL_2022,2025-03-19 04:00:00+00:00,161.56440408660148,165.6694351323274,160.8053285192439,163.69183349609375,34275600,0.0,0.0,2.004110132066028,162.75296529134116
GOOGL_2022,2025-03-20 04:00:00+00:00,161.37464096618422,164.6906185813501,160.76537795311089,162.6031494140625,28138500,0.0,0.0,-0.665081488049446,162.25690205891928
GOOGL_2022,2025-03-21 04:00:00+00:00,161.01508017617863,164.04141524263727,160.69545978774022,163.79171752929688,36625800,0.0,0.0,0.7309625425567345,163.36223347981772
GOOGL_2022,2025-03-24 04:00:00+00:00,166.86800133324036,168.11648994593173,164.94032699026835,167.4772491455078,30879100,0.0,0.0,2.2501330786470986,164.62403869628906
GOOGL_2022,2025-03-25 04:00:00+00:00,168.775668441695,170.42368243836484,168.1164780833655,170.353759765625,24174400,0.0,0.0,1.7175530615612278,167.20757548014322
GOOGL_2022,2025-03-26 04:00:00+00:00,168.79565092149923,169.40491393976436,164.64067739498103,164.86041259765625,28901600,0.0,0.0,-3.2246703421906053,167.56380716959634
GOOGL_2022,2025-03-27 04:00:00+00:00,164.43094810403895,165.21998619662182,161.8041232023028,162.04383850097656,24508300,0.0,0.0,-1.7084599342557572,165.75267028808594
GOOGL_2022,2025-03-28 04:00:00+00:00,160.29595772818402,161.62435145983125,153.44425151462127,154.14340209960938,48669300,0.0,0.0,-4.875493245810503,160.3492177327474
GOOGL_2022,2025-03-31 04:00:00+00:00,152.9248693898488,155.3519238675497,150.47783482762614,154.45301818847656,54603500,0.0,0.0,0.20086236883958275,156.88008626302084
GOOGL_2022,2025-04-01 04:00:00+00:00,153.43424066067087,157.9088345005831,153.43424066067087,156.8800811767578,30672900,0.0,0.0,1.5713923992858092,155.1588338216146
GOOGL_2022,2025-04-02 04:00:00+00:00,154.9623987635517,158.21846678254826,154.51294591611935,156.85011291503906,25041700,0.0,0.0,-0.01910265566792413,156.06107076009116
GOOGL_2022,2025-04-03 04:00:00+00:00,150.92729334389097,152.59527231622977,150.20816267744866,150.5377655029297,46883400,0.0,0.0,-4.024445564491607,154.75598653157553
GOOGL_2022,2025-04-04 04:00:00+00:00,147.83102450056057,150.8873372265073,145.20421499461688,145.4239501953125,62259500,0.0,0.0,-3.3970314960717674,150.9372762044271
GOOGL_2022,2025-04-07 04:00:00+00:00,141.37884623013926,152.66518575265,140.3600753076292,146.5725555419922,76794100,0.0,0.0,0.789832311071903,147.51142374674478
GOOGL_2022,2025-04-08 04:00:00+00:00,151.0371605852081,152.0559315669147,142.85706070456766,144.52503967285156,52200200,0.0,0.0,-1.3969299106298405,145.5071818033854
GOOGL_2022,2025-04-09 04:00:00+00:00,144.24536764564118,159.3570775505851,143.73598981661124,158.51809692382812,70406200,0.0,0.0,9.68209888241609,149.87189737955728
GOOGL_2022,2025-04-10 04:00:00+00:00,156.35071129003578,157.5292924054746,149.74870323215254,152.63522338867188,48022000,0.0,0.0,-3.7111684087294594,151.89278666178384
GOOGL_2022,2025-04-11 04:00:00+00:00,152.71511816628092,157.47935489094493,152.63522830805417,156.9499969482422,33636200,0.0,0.0,2.8268531101652172,156.03443908691406
GOOGL_2022,2025-04-14 04:00:00+00:00,159.80653847762434,161.52445998548595,157.3694863273863,158.87767028808594,30333000,0.0,0.0,1.2282085870185977,156.154296875
GOOGL_2022,2025-04-15 04:00:00+00:00,158.93759983361085,159.4569601254283,155.02234135810752,156.12100219726562,27551500,0.0,0.0,-1.7350884399436217,157.31622314453125
GOOGL_2022,2025-04-16 04:00:00+00:00,152.91488990871326,155.70150975970526,151.326800825977,153.1446075439453,28187400,0.0,0.0,-1.9064665300825512,156.04776000976562
GOOGL_2022,2025-04-17 04:00:00+00:00,154.10343899442373,154.49296683009544,148.32044647401452,150.97723388671875,33046600,0.0,0.0,-1.4152464732423709,153.4142812093099
GOOGL_2022,2025-04-21 04:00:00+00:00,148.69998342759925,148.76989086061988,145.9233461435289,147.49143981933594,26049100,0.0,0.0,-2.3088209908510238,150.53776041666666
GOOGL_2022,2025-04-22 04:00:00+00:00,148.70996777577147,152.0059806006662,148.360384885124,151.28684997558594,26971800,0.0,0.0,2.5733087702574764,149.91850789388022
GOOGL_2022,2025-04-23 04:00:00+00:00,155.42185055428513,157.3395272287139,153.62402390940207,155.16217041015625,31128800,0.0,0.0,2.5615712371535926,151.31348673502603
GOOGL_2022,2025-04-24 04:00:00+00:00,155.96118216578617,159.39702506290834,155.60161685700967,159.08740234375,45894000,0.0,0.0,2.529760909645562,155.1788075764974
GOOGL_2022,2025-04-25 04:00:00+00:00,164.8704156189098,165.89916899199292,160.84527440652565,161.76417541503906,56034000,0.0,0.0,1.6825801615046654,158.67124938964844
GOOGL_2022,2025-04-28 04:00:00+00:00,162.2335934576757,162.9527241022343,158.40823784275827,160.41580200195312,29745800,0.0,0.0,-0.8335426614863306,160.4224599202474
GOOGL_2022,2025-04-29 04:00:00+00:00,160.12616457196697,160.54565492156792,157.32954700095436,159.9663543701172,26809000,0.0,0.0,-0.2801766573036657,160.71544392903647
GOOGL_2022,2025-04-30 04:00:00+00:00,157.78897065630795,159.07741935833295,155.2120884925965,158.6079864501953,34981100,0.0,0.0,-0.8491585154081771,159.66338094075522
GOOGL_2022,2025-05-01 04:00:00+00:00,160.255986901565,161.7541731584952,158.7178557168657,161.10496520996094,30203200,0.0,0.0,1.5743083407402825,159.89310201009116
GOOGL_2022,2025-05-02 04:00:00+00:00,163.21241957712974,164.77053089446972,161.6742731041275,163.8316650390625,25715000,0.0,0.0,1.6924989403945379,161.1815388997396
GOOGL_2022,2025-05-05 04:00:00+00:00,162.80291566353057,165.19002528971967,162.52325543253818,164.01145935058594,21341800,0.0,0.0,0.10974332189115366,162.98269653320312
GOOGL_2022,2025-05-06 04:00:00+00:00,161.97390744721895,164.60073221310822,160.99509669884785,163.03262329101562,21277200,0.0,0.0,-0.5968095543116836,163.62524922688803
GOOGL_2022,2025-05-07 04:00:00+00:00,163.88160091924024,164.8004866523399,147.6612323828153,151.19696044921875,127490100,0.0,0.0,-7.2596898724189955,159.41368103027344
GOOGL_2022,2025-05-08 04:00:00+00:00,154.81259075606965,155.74145898524296,152.715123752916,154.0934600830078,57498700,0.0,0.0,1.9157128722583572,156.10768127441406
GOOGL_2022,2025-05-09 04:00:00+00:00,153.98358884442797,154.86252969975314,152.01596958260927,152.5653076171875,32435300,0.0,0.0,-0.991704946463734,152.6185760498047
GOOGL_2022,2025-05-12 04:00:00+00:00,157.2995737723926,158.90762762310243,156.06106765297667,158.26840209960938,44138800,0.0,0.0,3.7381332437200765,154.97572326660156
GOOGL_2022,2025-05-13 04:00:00+00:00,158.59798647987657,160.37584814800852,155.97117700529293,159.33709716796875,42382100,0.0,0.0,0.6752422177654704,156.72360229492188
GOOGL_2022,2025-05-14 04:00:00+00:00,159.7665968345665,166.7980779664445,159.4170139283214,165.1700439453125,48755900,0.0,0.0,3.660758781864093,160.92518107096353
GOOGL_2022,2025-05-15 04:00:00+00:00,165.63946564247587,166.00902860866202,162.1736602838883,163.76174926757812,33146700,0.0,0.0,-0.8526332282145943,162.75629679361978
GOOGL_2022,2025-05-16 04:00:00+00:00,167.52719070383273,169.14524229932235,165.4197413290067,165.9890594482422,42846900,0.0,0.0,1.360091835013777,164.97361755371094
GOOGL_2022,2025-05-19 04:00:00+00:00,164.311078821177,166.43850822896752,164.02143617765117,166.338623046875,30426100,0.0,0.0,0.21059436073365134,165.36314392089844
GOOGL_2022,2025-05-20 04:00:00+00:00,166.22875761227516,168.2962620339302,162.7030270512069,163.78172302246094,46607700,0.0,0.0,-1.537165558773157,165.36980183919272
GOOGL_2022,2025-05-21 04:00:00+00:00,163.49207927319333,172.93064990762463,163.36223158372133,168.35618591308594,73416000,0.0,0.0,2.7930240360199754,166.15884399414062
GOOGL_2022,2025-05-22 04:00:00+00:00,171.6422171391164,176.55626639163424,170.50359615670786,170.66339111328125,74864400,0.0,0.0,1.370430903790143,167.60043334960938
GOOGL_2022,2025-05-23 04:00:00+00:00,168.85557933287677,169.7545002456487,167.68699586257836,168.26629638671875,35211400,0.0,0.0,-1.4045746489189215,169.0952911376953
GOOGL_2022,2025-05-27 04:00:00+00:00,169.9542560308247,172.9606110264557,169.79444583588602,172.69093322753906,37995700,0.0,0.0,2.6295443210156533,170.5402069091797
GOOGL_2022,2025-05-28 04:00:00+00:00,172.95063181853965,175.0580811773991,171.70214322301487,172.15159606933594,34784000,0.0,0.0,-0.3123135350091011,171.0362752278646
GOOGL_2022,2025-05-29 04:00:00+00:00,173.78960291012612,174.20909322624098,170.42368271917738,171.65219116210938,29317300,0.0,0.0,-0.2900960076056558,172.16490681966147
GOOGL_2022,2025-05-30 04:00:00+00:00,171.14282080509608,172.0017815585655,167.23754486546525,171.5323486328125,52639900,0.0,0.0,-0.0698170693222866,171.7787119547526
GOOGL_2022,2025-06-02 04:00:00+00:00,167.637058963566,169.66460324672883,167.18760611208933,168.82562255859375,38612300,0.0,0.0,-1.5779682933234063,170.67005411783853
GOOGL_2022,2025-06-03 04:00:00+00:00,167.28749382619188,168.276287066322,165.08015922486254,165.97906494140625,45084900,0.0,0.0,-1.686093363108765,168.77901204427084
GOOGL_2022,2025-06-04 04:00:00+00:00,166.53838821108508,168.01659436979696,166.15884281939125,167.8468017578125,26900800,0.0,0.0,1.1252845755370444,167.55049641927084
GOOGL_2022,2025-06-05 04:00:00+00:00,170.1340365467451,170.72331951416996,167.3873615992156,168.00662231445312,36379100,0.0,0.0,0.09521811256865131,167.27749633789062
GOOGL_2022,2025-06-06 04:00:00+00:00,170.6234412090639,174.2890017669552,170.6234412090639,173.46998596191406,35731800,0.0,0.0,3.2518739869880298,169.77447001139322
GOOGL_2022,2025-06-09 04:00:00+00:00,174.5399932861328,176.47000122070312,174.3699951171875,176.08999633789062,28935900,0.21,0.0,1.51035371418764,172.52220153808594
GOOGL_2022,2025-06-10 04:00:00+00:00,176.1999969482422,181.1100006103516,174.91000366210938,178.60000610351562,61766100,0.0,0.0,1.4254130375519258,176.05332946777344
GOOGL_2022,2025-06-11 04:00:00+00:00,179.77000427246094,180.3699951171875,176.75,177.35000610351562,31646800,0.0,0.0,-0.6998879939990044,177.34666951497397
GOOGL_2022,2025-06-12 04:00:00+00:00,176.17999267578125,176.72000122070312,174.75,175.6999969482422,20941900,0.0,0.0,-0.9303688178676217,177.21666971842447
GOOGL_2022,2025-06-13 04:00:00+00:00,172.44000244140625,177.1300048828125,172.38999938964844,174.6699981689453,27663100,0.0,0.0,-0.5862258378981577,175.90666707356772
GOOGL_2022,2025-06-16 04:00:00+00:00,174.72999572753906,176.94000244140625,174.64999389648438,176.77000427246094,27389200,0.0,0.0,1.202270639222447,175.7133331298828
GOOGL_2022,2025-06-17 04:00:00+00:00,175.6999969482422,177.36000061035156,174.5800018310547,175.9499969482422,24973000,0.0,0.0,-0.4638837497310089,175.79666646321616
GOOGL_2022,2025-06-18 04:00:00+00:00,176.00999450683594,176.55999755859375,173.1999969482422,173.32000732421875,28707500,0.0,0.0,-1.4947369534749622,175.34666951497397
GOOGL_2022,2025-06-20 04:00:00+00:00,173.9499969482422,174.33999633789062,165.4600067138672,166.63999938964844,75659900,0.0,0.0,-3.8541470414748202,171.97000122070312
GOOGL_2022,2025-06-23 04:00:00+00:00,166.27000427246094,167.33999633789062,162.0,165.19000244140625,57671000,0.0,0.0,-0.8701373941149115,168.38333638509116
GOOGL_2022,2025-06-24 04:00:00+00:00,166.9199981689453,168.22000122070312,166.1300048828125,166.77000427246094,40524300,0.0,0.0,0.9564754571724787,166.20000203450522
GOOGL_2022,2025-06-25 04:00:00+00:00,167.6300048828125,172.36000061035156,167.5500030517578,170.67999267578125,35479000,0.0,0.0,2.344539367482623,167.54666646321616
GOOGL_2022,2025-06-26 04:00:00+00:00,172.42999267578125,173.69000244140625,169.94000244140625,173.5399932861328,31796700,0.0,0.0,1.6756507693226341,170.32999674479166
GOOGL_2022,2025-06-27 04:00:00+00:00,173.5399932861328,178.67999267578125,171.72999572753906,178.52999877929688,108140200,0.0,0.0,2.8754210477215603,174.24999491373697
GOOGL_2022,2025-06-30 04:00:00+00:00,180.77999877929688,181.22999572753903,174.5800018310547,176.22999572753906,63378900,0.0,0.0,-1.288300603531134,176.0999959309896
GOOGL_2022,2025-07-01 04:00:00+00:00,175.74000549316406,176.08999633789062,173.52999877929688,175.83999633789062,35904500,0.0,0.0,-0.22130136702233072,176.86666361490884
GOOGL_2022,2025-07-02 04:00:00+00:00,175.5399932861328,178.86000061035156,175.07000732421875,178.63999938964844,29128900,0.0,0.0,1.5923584565922022,176.90333048502603
GOOGL_2022,2025-07-03 04:00:00+00:00,178.5,179.6699981689453,177.0500030517578,179.52999877929688,21689700,0.0,0.0,0.49820834790039736,178.00333150227866
GOOGL_2022,2025-07-07 04:00:00+00:00,179.05999755859375,179.3000030517578,175.67999267578125,176.7899932861328,34175600,0.0,0.0,-1.5262103892355383,178.31999715169272
GOOGL_2022,2025-07-08 04:00:00+00:00,177.85000610351562,177.9499969482422,172.80999755859375,174.36000061035156,40442500,0.0,0.0,-1.374508042346223,176.8933308919271
GOOGL_2022,2025-07-09 04:00:00+00:00,175.25,179.44000244140625,172.77000427246094,176.6199951171875,43025600,0.0,0.0,1.2961656910557284,175.92332967122397
GOOGL_2022,2025-07-10 04:00:00+00:00,175.6300048828125,178.42999267578125,174.3800048828125,177.6199951171875,29252400,0.0,0.0,0.5661873104098492,176.1999969482422
GOOGL_2022,2025-07-11 04:00:00+00:00,176.7899932861328,181.42999267578125,176.47999572753906,180.19000244140625,34282900,0.0,0.0,1.4469132951631547,178.1433308919271
GOOGL_2022,2025-07-14 04:00:00+00:00,181.00999450683597,183.6699981689453,179.67999267578125,181.55999755859372,32536600,0.0,0.0,0.7603058430686094,179.78999837239584
GOOGL_2022,2025-07-15 04:00:00+00:00,182.80999755859372,184.22000122070312,181.6000061035156,182.0,33448300,0.0,0.0,0.24234547660437755,181.25
GOOGL_2022,2025-07-16 04:00:00+00:00,183.2400054931641,184.3300018310547,182.02999877929688,182.97000122070312,33104200,0.0,0.0,0.5329677036830294,182.17666625976562
GOOGL_2022,2025-07-17 04:00:00+00:00,182.13999938964844,184.05999755859372,180.47999572753903,183.5800018310547,31992600,0.0,0.0,0.33338831845759476,182.8500010172526
GOOGL_2022,2025-07-18 04:00:00+00:00,185.3999938964844,186.4199981689453,183.7100067138672,185.05999755859372,34014500,0.0,0.0,0.8061857025696284,183.87000020345053
GOOGL_2022,2025-07-21 04:00:00+00:00,186.25,190.2899932861328,186.1499938964844,190.1000061035156,45803100,0.0,0.0,2.72344569945544,186.24666849772132
GOOGL_2022,2025-07-22 04:00:00+00:00,191.5,191.6499938964844,187.4600067138672,191.33999633789065,44660200,0.0,0.0,0.6522831112903082,188.83333333333334
GOOGL_2022,2025-07-23 04:00:00+00:00,191.5,192.52999877929688,189.17999267578125,190.22999572753903,58681900,0.0,0.0,-0.5801194897022244,190.5566660563151
GOOGL_2022,2025-07-24 04:00:00+00:00,197.02999877929688,197.9499969482422,191.0,192.1699981689453,74881700,0.0,0.0,1.0198194212151845,191.24666341145834
GOOGL_2022,2025-07-25 04:00:00+00:00,191.97999572753903,194.3300018310547,191.25999450683597,193.17999267578125,39785900,0.0,0.0,0.5255734591556926,191.85999552408853
GOOGL_2022,2025-07-28 04:00:00+00:00,193.6499938964844,194.0500030517578,190.83999633789065,192.5800018310547,38139500,0.0,0.0,-0.3105864310356088,192.6433308919271
GOOGL_2022,2025-07-29 04:00:00+00:00,192.42999267578125,195.9199981689453,192.0800018310547,195.75,41389200,0.0,0.0,1.6460681996079085,193.83666483561197
GOOGL_2022,2025-07-30 04:00:00+00:00,195.6000061035156,197.6000061035156,194.69000244140625,196.52999877929688,32445400,0.0,0.0,0.39846680934705336,194.95333353678384
GOOGL_2022,2025-07-31 04:00:00+00:00,195.7100067138672,195.9900054931641,191.08999633789065,191.8999938964844,51329200,0.0,0.0,-2.3558769203535057,194.7266642252604
GOOGL_2022,2025-08-01 04:00:00+00:00,189.02999877929688,190.8300018310547,187.82000732421875,189.1300048828125,34832200,0.0,0.0,-1.4434544563696527,192.5199991861979
GOOGL_2022,2025-08-04 04:00:00+00:00,190.2899932861328,195.2700042724609,190.1199951171875,195.0399932861328,31547400,0.0,0.0,3.1248285574688284,192.02333068847656
GOOGL_2022,2025-08-05 04:00:00+00:00,194.7100067138672,197.8600006103516,193.88999938964844,194.6699981689453,31602300,0.0,0.0,-0.18970217900114994,192.94666544596353
GOOGL_2022,2025-08-06 04:00:00+00:00,194.5,196.6300048828125,193.6699981689453,196.08999633789065,21562900,0.0,0.0,0.7294386306579081,195.26666259765625
GOOGL_2022,2025-08-07 04:00:00+00:00,197.05999755859372,197.5399932861328,194.3300018310547,196.5200042724609,26321800,0.0,0.0,0.21929111255083455,195.75999959309897
GOOGL_2022,2025-08-08 04:00:00+00:00,197.22000122070312,202.6100006103516,197.1699981689453,201.4199981689453,39161800,0.0,0.0,2.4933817372051914,198.00999959309897
GOOGL_2022,2025-08-11 04:00:00+00:00,200.94000244140625,201.47999572753903,199.07000732421875,201.0,25832400,0.0,0.0,-0.20851860429123015,199.64666748046875
GOOGL_2022,2025-08-12 04:00:00+00:00,201.3699951171875,204.5,200.58999633789065,203.33999633789065,30397900,0.0,0.0,1.1641772825326635,201.9199981689453
GOOGL_2022,2025-08-13 04:00:00+00:00,204.1300048828125,204.52999877929688,197.50999450683597,201.9600067138672,28342900,0.0,0.0,-0.6786611826875122,202.1000010172526
GOOGL_2022,2025-08-14 04:00:00+00:00,201.5,204.44000244140625,201.22999572753903,202.94000244140625,25230400,0.0,0.0,0.485242471261893,202.74666849772134
GOOGL_2022,2025-08-15 04:00:00+00:00,203.8500061035156,206.44000244140625,201.27999877929688,203.8999938964844,34931400,0.0,0.0,0.473042004301405,202.93333435058594
GOOGL_2022,2025-08-18 04:00:00+00:00,204.1999969482422,205.2700042724609,202.4900054931641,203.5,18526600,0.0,0.0,-0.1961716078753173,203.44666544596353
GOOGL_2022,2025-08-19 04:00:00+00:00,203.02999877929688,203.44000244140625,199.9600067138672,201.57000732421875,24240200,0.0,0.0,-0.9483993492782505,202.99000040690103
GOOGL_2022,2025-08-20 04:00:00+00:00,200.72999572753903,201.27999877929688,196.6000061035156,199.32000732421875,28955500,0.0,0.0,-1.1162374947880749,201.46333821614584
GOOGL_2022,2025-08-21 04:00:00+00:00,199.75,202.47999572753903,199.42999267578125,199.75,19774600,0.0,0.0,0.21572981134894142,200.21333821614584
